DESYNPUF_ID,SRVC_DT,DAYS_SUPLY_NUM,PTNT_PAY_AMT,SP_DIABETES
SYN_BENE_0000,2020-01-20,30,48.98,1
SYN_BENE_0000,2020-02-18,30,50.77,1
SYN_BENE_0000,2020-03-19,30,47.84,1
SYN_BENE_0000,2020-04-20,30,46.17,1
SYN_BENE_0000,2020-05-21,30,48.81,1
SYN_BENE_0000,2020-06-22,30,46.17,1
SYN_BENE_0000,2020-07-21,30,48.49,1
SYN_BENE_0000,2020-08-19,30,48.26,1
SYN_BENE_0000,2020-09-19,30,46.89,1
SYN_BENE_0000,2020-10-21,30,46.18,1
SYN_BENE_0001,2020-01-25,30,20.59,1
SYN_BENE_0001,2020-02-25,30,21.41,1
SYN_BENE_0001,2020-03-26,30,21.93,1
SYN_BENE_0001,2020-04-23,30,21.58,1
SYN_BENE_0001,2020-05-23,30,22.48,1
SYN_BENE_0001,2020-06-20,30,23.31,1
SYN_BENE_0001,2020-07-19,30,20.45,1
SYN_BENE_0002,2020-01-02,30,39.26,1
SYN_BENE_0002,2020-02-02,30,36.3,1
SYN_BENE_0002,2020-03-01,30,37.36,1
SYN_BENE_0002,2020-04-01,30,38.5,1
SYN_BENE_0002,2020-04-30,30,35.96,1
SYN_BENE_0002,2020-05-31,30,37.81,1
SYN_BENE_0002,2020-07-01,30,39.13,1
SYN_BENE_0002,2020-07-29,30,37.9,1
SYN_BENE_0003,2020-01-25,30,24.52,1
SYN_BENE_0003,2020-02-26,30,21.89,1
SYN_BENE_0003,2020-03-25,30,20.47,1
SYN_BENE_0003,2020-04-22,30,22.4,1
SYN_BENE_0003,2020-05-22,30,23.01,1
SYN_BENE_0004,2020-01-01,30,32.56,1
SYN_BENE_0004,2020-01-29,30,33.62,1
SYN_BENE_0004,2020-02-29,30,33.28,1
SYN_BENE_0004,2020-04-01,30,33.87,1
SYN_BENE_0004,2020-05-01,30,31.09,1
SYN_BENE_0004,2020-05-31,30,35.51,1
SYN_BENE_0005,2020-01-03,30,15.51,1
SYN_BENE_0005,2020-02-02,30,17.86,1
SYN_BENE_0005,2020-03-01,30,13.55,1
SYN_BENE_0005,2020-04-01,30,15.45,1
SYN_BENE_0006,2020-01-19,30,11.44,1
SYN_BENE_0006,2020-02-20,30,7.28,1
SYN_BENE_0006,2020-03-23,30,8.42,1
SYN_BENE_0006,2020-04-24,30,11.64,1
SYN_BENE_0006,2020-05-24,30,12.67,1
SYN_BENE_0006,2020-06-22,30,11.98,1
SYN_BENE_0006,2020-07-24,30,10.04,1
SYN_BENE_0006,2020-08-24,30,10.62,1
SYN_BENE_0007,2020-01-12,30,15.91,1
SYN_BENE_0007,2020-02-09,30,16.74,1
SYN_BENE_0007,2020-03-08,30,19.16,1
SYN_BENE_0007,2020-04-05,30,14.84,1
SYN_BENE_0007,2020-05-06,30,14.76,1
SYN_BENE_0007,2020-06-05,30,15.42,1
SYN_BENE_0007,2020-07-03,30,21.35,1
SYN_BENE_0008,2020-01-12,30,19.46,1
SYN_BENE_0008,2020-02-09,30,18.44,1
SYN_BENE_0008,2020-03-09,30,19.47,1
SYN_BENE_0008,2020-04-09,30,21.4,1
SYN_BENE_0008,2020-05-09,30,17.66,1
SYN_BENE_0009,2020-01-05,30,20.51,1
SYN_BENE_0009,2020-02-02,30,21.23,1
SYN_BENE_0009,2020-03-01,30,20.24,1
SYN_BENE_0009,2020-04-01,30,20.55,1
SYN_BENE_0010,2020-01-06,30,19.25,1
SYN_BENE_0010,2020-02-03,30,18.3,1
SYN_BENE_0010,2020-03-06,30,22.49,1
SYN_BENE_0010,2020-04-05,30,22.47,1
SYN_BENE_0010,2020-05-03,30,19.74,1
SYN_BENE_0011,2020-01-03,30,31.24,1
SYN_BENE_0011,2020-02-03,30,33.65,1
SYN_BENE_0011,2020-03-04,30,32.9,1
SYN_BENE_0011,2020-04-04,30,31.51,1
SYN_BENE_0011,2020-05-02,30,34.58,1
SYN_BENE_0011,2020-05-31,30,34.6,1
SYN_BENE_0011,2020-06-28,30,35.49,1
SYN_BENE_0011,2020-07-26,30,34.05,1
SYN_BENE_0012,2020-01-03,30,16.26,1
SYN_BENE_0012,2020-01-31,30,15.72,1
SYN_BENE_0012,2020-02-28,30,19.38,1
SYN_BENE_0012,2020-03-30,30,21.14,1
SYN_BENE_0012,2020-04-27,30,19.45,1
SYN_BENE_0013,2020-01-03,30,37.44,1
SYN_BENE_0013,2020-01-31,30,40.14,1
SYN_BENE_0013,2020-03-02,30,38.47,1
SYN_BENE_0013,2020-04-01,30,39.71,1
SYN_BENE_0014,2020-01-25,30,34.57,1
SYN_BENE_0014,2020-02-23,30,34.35,1
SYN_BENE_0014,2020-03-24,30,34.16,1
SYN_BENE_0014,2020-04-21,30,37.85,1
SYN_BENE_0014,2020-05-22,30,35.04,1
SYN_BENE_0014,2020-06-22,30,34.28,1
SYN_BENE_0014,2020-07-22,30,38.18,1
SYN_BENE_0014,2020-08-22,30,40.33,1
SYN_BENE_0014,2020-09-21,30,33.8,1
SYN_BENE_0015,2020-01-30,30,47.38,1
SYN_BENE_0015,2020-02-29,30,49.47,1
SYN_BENE_0015,2020-03-29,30,50.57,1
SYN_BENE_0015,2020-04-30,30,54.39,1
SYN_BENE_0015,2020-05-28,30,49.11,1
SYN_BENE_0015,2020-06-29,30,48.91,1
SYN_BENE_0015,2020-07-30,30,45.78,1
SYN_BENE_0015,2020-08-29,30,48.9,1
SYN_BENE_0015,2020-09-30,30,49.3,1
SYN_BENE_0016,2020-01-03,30,39.66,1
SYN_BENE_0016,2020-02-04,30,41.39,1
SYN_BENE_0016,2020-03-05,30,38.01,1
SYN_BENE_0016,2020-04-02,30,38.71,1
SYN_BENE_0016,2020-05-02,30,40.34,1
SYN_BENE_0016,2020-05-31,30,37.42,1
SYN_BENE_0016,2020-06-30,30,38.14,1
SYN_BENE_0016,2020-07-29,30,40.22,1
SYN_BENE_0016,2020-08-28,30,37.86,1
SYN_BENE_0017,2020-01-09,30,35.73,1
SYN_BENE_0017,2020-02-07,30,39.13,1
SYN_BENE_0017,2020-03-06,30,39.13,1
SYN_BENE_0017,2020-04-07,30,35.73,1
SYN_BENE_0018,2020-01-16,30,13.02,1
SYN_BENE_0018,2020-02-16,30,8.91,1
SYN_BENE_0018,2020-03-17,30,16.03,1
SYN_BENE_0018,2020-04-14,30,12.33,1
SYN_BENE_0018,2020-05-12,30,12.31,1
SYN_BENE_0018,2020-06-12,30,8.05,1
SYN_BENE_0018,2020-07-14,30,12.88,1
SYN_BENE_0018,2020-08-14,30,13.13,1
SYN_BENE_0018,2020-09-14,30,9.49,1
SYN_BENE_0019,2020-01-13,30,20.5,1
SYN_BENE_0019,2020-02-14,30,19.43,1
SYN_BENE_0019,2020-03-14,30,13.72,1
SYN_BENE_0019,2020-04-11,30,18.15,1
SYN_BENE_0019,2020-05-11,30,16.19,1
SYN_BENE_0019,2020-06-12,30,17.55,1
SYN_BENE_0019,2020-07-11,30,16.23,1
SYN_BENE_0019,2020-08-09,30,21.1,1
SYN_BENE_0019,2020-09-07,30,16.83,1
SYN_BENE_0020,2020-01-22,30,37.28,1
SYN_BENE_0020,2020-02-23,30,39.13,1
SYN_BENE_0020,2020-03-26,30,43.07,1
SYN_BENE_0020,2020-04-27,30,35.55,1
SYN_BENE_0020,2020-05-27,30,37.62,1
SYN_BENE_0020,2020-06-28,30,37.91,1
SYN_BENE_0020,2020-07-29,30,36.95,1
SYN_BENE_0020,2020-08-30,30,38.02,1
SYN_BENE_0020,2020-09-30,30,37.38,1
SYN_BENE_0021,2020-01-12,30,5.0,1
SYN_BENE_0021,2020-02-09,30,8.64,1
SYN_BENE_0021,2020-03-12,30,13.95,1
SYN_BENE_0021,2020-04-13,30,7.83,1
SYN_BENE_0021,2020-05-14,30,10.43,1
SYN_BENE_0021,2020-06-12,30,9.76,1
SYN_BENE_0021,2020-07-12,30,13.01,1
SYN_BENE_0021,2020-08-13,30,10.71,1
SYN_BENE_0022,2020-01-04,30,34.77,1
SYN_BENE_0022,2020-02-03,30,33.86,1
SYN_BENE_0022,2020-03-05,30,30.84,1
SYN_BENE_0022,2020-04-05,30,37.2,1
SYN_BENE_0022,2020-05-03,30,38.9,1
SYN_BENE_0022,2020-06-04,30,30.73,1
SYN_BENE_0022,2020-07-05,30,35.51,1
SYN_BENE_0022,2020-08-03,30,34.42,1
SYN_BENE_0023,2020-01-12,30,21.52,1
SYN_BENE_0023,2020-02-09,30,19.71,1
SYN_BENE_0023,2020-03-09,30,22.73,1
SYN_BENE_0023,2020-04-07,30,20.03,1
SYN_BENE_0023,2020-05-06,30,20.9,1
SYN_BENE_0023,2020-06-04,30,17.53,1
SYN_BENE_0024,2020-01-18,30,34.98,1
SYN_BENE_0024,2020-02-19,30,34.15,1
SYN_BENE_0024,2020-03-18,30,30.72,1
SYN_BENE_0024,2020-04-17,30,37.94,1
SYN_BENE_0024,2020-05-15,30,33.93,1
SYN_BENE_0024,2020-06-12,30,35.92,1
SYN_BENE_0024,2020-07-14,30,36.69,1
SYN_BENE_0024,2020-08-11,30,32.94,1
SYN_BENE_0025,2020-01-09,30,27.72,1
SYN_BENE_0025,2020-02-10,30,25.15,1
SYN_BENE_0025,2020-03-11,30,25.89,1
SYN_BENE_0025,2020-04-11,30,24.86,1
SYN_BENE_0025,2020-05-11,30,23.4,1
SYN_BENE_0025,2020-06-12,30,25.08,1
SYN_BENE_0026,2020-01-12,30,22.46,1
SYN_BENE_0026,2020-02-13,30,23.65,1
SYN_BENE_0026,2020-03-13,30,26.77,1
SYN_BENE_0026,2020-04-13,30,23.96,1
SYN_BENE_0026,2020-05-11,30,24.37,1
SYN_BENE_0026,2020-06-12,30,25.86,1
SYN_BENE_0027,2020-01-07,30,28.82,1
SYN_BENE_0027,2020-02-05,30,26.58,1
SYN_BENE_0027,2020-03-08,30,23.88,1
SYN_BENE_0027,2020-04-09,30,27.2,1
SYN_BENE_0027,2020-05-07,30,26.41,1
SYN_BENE_0027,2020-06-04,30,27.96,1
SYN_BENE_0027,2020-07-06,30,25.72,1
SYN_BENE_0027,2020-08-05,30,29.76,1
SYN_BENE_0027,2020-09-06,30,30.0,1
SYN_BENE_0028,2020-01-26,30,21.45,1
SYN_BENE_0028,2020-02-27,30,23.17,1
SYN_BENE_0028,2020-03-27,30,22.63,1
SYN_BENE_0028,2020-04-27,30,25.75,1
SYN_BENE_0028,2020-05-29,30,24.75,1
SYN_BENE_0029,2020-01-30,30,27.39,1
SYN_BENE_0029,2020-03-02,30,25.21,1
SYN_BENE_0029,2020-03-31,30,26.46,1
SYN_BENE_0029,2020-05-02,30,26.03,1
SYN_BENE_0029,2020-06-02,30,26.96,1
SYN_BENE_0029,2020-07-01,30,26.12,1
SYN_BENE_0029,2020-07-29,30,24.61,1
SYN_BENE_0030,2020-01-21,30,35.94,1
SYN_BENE_0030,2020-02-18,30,37.59,1
SYN_BENE_0030,2020-03-20,30,36.68,1
SYN_BENE_0030,2020-04-21,30,36.2,1
SYN_BENE_0031,2020-01-08,30,22.94,1
SYN_BENE_0031,2020-02-08,30,20.31,1
SYN_BENE_0031,2020-03-10,30,24.86,1
SYN_BENE_0031,2020-04-11,30,22.34,1
SYN_BENE_0031,2020-05-11,30,25.12,1
SYN_BENE_0032,2020-01-06,30,45.35,1
SYN_BENE_0032,2020-02-04,30,51.65,1
SYN_BENE_0032,2020-03-05,30,50.35,1
SYN_BENE_0032,2020-04-02,30,47.05,1
SYN_BENE_0032,2020-05-02,30,44.57,1
SYN_BENE_0032,2020-06-01,30,50.7,1
SYN_BENE_0032,2020-07-01,30,46.6,1
SYN_BENE_0032,2020-07-29,30,48.21,1
SYN_BENE_0033,2020-01-01,30,10.56,1
SYN_BENE_0033,2020-02-02,30,10.64,1
SYN_BENE_0033,2020-03-05,30,9.92,1
SYN_BENE_0033,2020-04-02,30,7.35,1
SYN_BENE_0033,2020-05-02,30,8.8,1
SYN_BENE_0033,2020-05-30,30,9.2,1
SYN_BENE_0034,2020-01-08,30,27.77,1
SYN_BENE_0034,2020-02-07,30,34.19,1
SYN_BENE_0034,2020-03-08,30,36.6,1
SYN_BENE_0034,2020-04-08,30,33.59,1
SYN_BENE_0035,2020-01-30,30,43.94,1
SYN_BENE_0035,2020-03-02,30,50.14,1
SYN_BENE_0035,2020-04-03,30,47.37,1
SYN_BENE_0035,2020-05-04,30,46.12,1
SYN_BENE_0035,2020-06-02,30,47.18,1
SYN_BENE_0035,2020-07-02,30,41.55,1
SYN_BENE_0035,2020-08-01,30,44.53,1
SYN_BENE_0035,2020-08-29,30,46.5,1
SYN_BENE_0036,2020-01-28,30,18.51,1
SYN_BENE_0036,2020-02-29,30,21.81,1
SYN_BENE_0036,2020-03-29,30,18.87,1
SYN_BENE_0036,2020-04-28,30,24.33,1
SYN_BENE_0036,2020-05-28,30,21.67,1
SYN_BENE_0036,2020-06-25,30,21.77,1
SYN_BENE_0036,2020-07-25,30,22.65,1
SYN_BENE_0036,2020-08-25,30,20.04,1
SYN_BENE_0036,2020-09-22,30,21.79,1
SYN_BENE_0036,2020-10-24,30,23.83,1
SYN_BENE_0037,2020-01-29,30,16.69,1
SYN_BENE_0037,2020-02-27,30,19.78,1
SYN_BENE_0037,2020-03-30,30,17.79,1
SYN_BENE_0037,2020-05-01,30,16.71,1
SYN_BENE_0037,2020-05-29,30,19.26,1
SYN_BENE_0038,2020-01-14,30,22.63,1
SYN_BENE_0038,2020-02-11,30,23.12,1
SYN_BENE_0038,2020-03-12,30,21.4,1
SYN_BENE_0038,2020-04-13,30,23.57,1
SYN_BENE_0039,2020-01-15,30,29.91,1
SYN_BENE_0039,2020-02-15,30,30.21,1
SYN_BENE_0039,2020-03-18,30,27.08,1
SYN_BENE_0039,2020-04-16,30,32.62,1
SYN_BENE_0039,2020-05-16,30,32.09,1
SYN_BENE_0039,2020-06-16,30,31.21,1
SYN_BENE_0039,2020-07-16,30,29.55,1
SYN_BENE_0040,2020-01-15,30,14.71,1
SYN_BENE_0040,2020-02-12,30,11.61,1
SYN_BENE_0040,2020-03-12,30,11.07,1
SYN_BENE_0040,2020-04-13,30,14.61,1
SYN_BENE_0040,2020-05-14,30,9.84,1
SYN_BENE_0040,2020-06-11,30,13.41,1
SYN_BENE_0041,2020-01-18,30,17.65,1
SYN_BENE_0041,2020-02-18,30,16.26,1
SYN_BENE_0041,2020-03-19,30,10.43,1
SYN_BENE_0041,2020-04-19,30,11.21,1
SYN_BENE_0041,2020-05-18,30,10.65,1
SYN_BENE_0041,2020-06-17,30,14.67,1
SYN_BENE_0041,2020-07-19,30,14.47,1
SYN_BENE_0041,2020-08-20,30,13.09,1
SYN_BENE_0042,2020-01-21,30,17.71,1
SYN_BENE_0042,2020-02-18,30,16.4,1
SYN_BENE_0042,2020-03-19,30,17.25,1
SYN_BENE_0042,2020-04-18,30,17.78,1
SYN_BENE_0042,2020-05-17,30,17.98,1
SYN_BENE_0042,2020-06-15,30,14.59,1
SYN_BENE_0042,2020-07-16,30,16.67,1
SYN_BENE_0042,2020-08-13,30,10.63,1
SYN_BENE_0042,2020-09-13,30,16.63,1
SYN_BENE_0043,2020-01-05,30,28.44,1
SYN_BENE_0043,2020-02-06,30,28.94,1
SYN_BENE_0043,2020-03-06,30,30.34,1
SYN_BENE_0043,2020-04-04,30,34.24,1
SYN_BENE_0043,2020-05-03,30,34.21,1
SYN_BENE_0043,2020-06-04,30,29.08,1
SYN_BENE_0043,2020-07-06,30,30.77,1
SYN_BENE_0043,2020-08-03,30,31.3,1
SYN_BENE_0043,2020-09-02,30,33.13,1
SYN_BENE_0044,2020-01-17,30,44.37,1
SYN_BENE_0044,2020-02-17,30,44.21,1
SYN_BENE_0044,2020-03-18,30,44.2,1
SYN_BENE_0044,2020-04-18,30,43.72,1
SYN_BENE_0044,2020-05-20,30,44.7,1
SYN_BENE_0044,2020-06-20,30,43.21,1
SYN_BENE_0044,2020-07-20,30,44.82,1
SYN_BENE_0044,2020-08-19,30,43.19,1
SYN_BENE_0044,2020-09-17,30,43.48,1
SYN_BENE_0045,2020-01-25,30,38.54,1
SYN_BENE_0045,2020-02-26,30,39.42,1
SYN_BENE_0045,2020-03-25,30,35.63,1
SYN_BENE_0045,2020-04-22,30,34.9,1
SYN_BENE_0045,2020-05-21,30,34.09,1
SYN_BENE_0046,2020-01-21,30,41.68,1
SYN_BENE_0046,2020-02-20,30,49.12,1
SYN_BENE_0046,2020-03-21,30,44.51,1
SYN_BENE_0046,2020-04-22,30,45.46,1
SYN_BENE_0046,2020-05-20,30,48.19,1
SYN_BENE_0046,2020-06-20,30,46.42,1
SYN_BENE_0046,2020-07-22,30,45.34,1
SYN_BENE_0046,2020-08-23,30,44.56,1
SYN_BENE_0046,2020-09-22,30,49.28,1
SYN_BENE_0047,2020-01-10,30,24.49,1
SYN_BENE_0047,2020-02-10,30,28.2,1
SYN_BENE_0047,2020-03-13,30,21.82,1
SYN_BENE_0047,2020-04-14,30,18.54,1
SYN_BENE_0047,2020-05-16,30,22.91,1
SYN_BENE_0047,2020-06-14,30,23.74,1
SYN_BENE_0048,2020-01-04,30,38.38,1
SYN_BENE_0048,2020-02-05,30,36.29,1
SYN_BENE_0048,2020-03-05,30,37.29,1
SYN_BENE_0048,2020-04-04,30,39.21,1
SYN_BENE_0048,2020-05-03,30,36.4,1
SYN_BENE_0048,2020-05-31,30,40.38,1
SYN_BENE_0048,2020-06-30,30,36.77,1
SYN_BENE_0049,2020-01-12,30,35.02,1
SYN_BENE_0049,2020-02-10,30,33.95,1
SYN_BENE_0049,2020-03-09,30,35.79,1
SYN_BENE_0049,2020-04-06,30,31.58,1
SYN_BENE_0049,2020-05-06,30,30.63,1
SYN_BENE_0049,2020-06-07,30,32.35,1
SYN_BENE_0049,2020-07-06,30,37.68,1
SYN_BENE_0050,2020-01-15,30,13.24,1
SYN_BENE_0050,2020-02-13,30,10.17,1
SYN_BENE_0050,2020-03-12,30,8.88,1
SYN_BENE_0050,2020-04-10,30,11.73,1
SYN_BENE_0050,2020-05-09,30,13.45,1
SYN_BENE_0050,2020-06-08,30,11.52,1
SYN_BENE_0050,2020-07-08,30,15.53,1
SYN_BENE_0050,2020-08-07,30,9.94,1
SYN_BENE_0051,2020-01-07,30,16.32,1
SYN_BENE_0051,2020-02-04,30,18.78,1
SYN_BENE_0051,2020-03-04,30,12.93,1
SYN_BENE_0051,2020-04-04,30,16.78,1
SYN_BENE_0052,2020-01-20,30,25.39,1
SYN_BENE_0052,2020-02-20,30,25.68,1
SYN_BENE_0052,2020-03-19,30,28.66,1
SYN_BENE_0052,2020-04-20,30,25.63,1
SYN_BENE_0053,2020-01-30,30,14.38,1
SYN_BENE_0053,2020-02-27,30,18.14,1
SYN_BENE_0053,2020-03-28,30,17.12,1
SYN_BENE_0053,2020-04-26,30,20.29,1
SYN_BENE_0053,2020-05-25,30,16.2,1
SYN_BENE_0053,2020-06-23,30,15.14,1
SYN_BENE_0054,2020-01-06,30,46.21,1
SYN_BENE_0054,2020-02-03,30,39.48,1
SYN_BENE_0054,2020-03-04,30,40.17,1
SYN_BENE_0054,2020-04-02,30,42.28,1
SYN_BENE_0054,2020-05-03,30,37.96,1
SYN_BENE_0054,2020-05-31,30,42.49,1
SYN_BENE_0054,2020-06-28,30,43.16,1
SYN_BENE_0054,2020-07-26,30,39.21,1
SYN_BENE_0054,2020-08-25,30,39.16,1
SYN_BENE_0055,2020-01-29,30,32.75,1
SYN_BENE_0055,2020-02-26,30,34.78,1
SYN_BENE_0055,2020-03-28,30,33.1,1
SYN_BENE_0055,2020-04-27,30,33.34,1
SYN_BENE_0055,2020-05-28,30,30.42,1
SYN_BENE_0055,2020-06-26,30,32.0,1
SYN_BENE_0055,2020-07-25,30,30.46,1
SYN_BENE_0055,2020-08-23,30,37.33,1
SYN_BENE_0055,2020-09-20,30,32.76,1
SYN_BENE_0055,2020-10-19,30,35.9,1
SYN_BENE_0056,2020-01-02,30,23.57,1
SYN_BENE_0056,2020-01-30,30,26.55,1
SYN_BENE_0056,2020-02-28,30,23.79,1
SYN_BENE_0056,2020-03-28,30,25.47,1
SYN_BENE_0056,2020-04-28,30,26.47,1
SYN_BENE_0056,2020-05-26,30,24.46,1
SYN_BENE_0056,2020-06-24,30,28.83,1
SYN_BENE_0056,2020-07-22,30,25.87,1
SYN_BENE_0056,2020-08-21,30,22.43,1
SYN_BENE_0056,2020-09-22,30,24.08,1
SYN_BENE_0057,2020-01-02,30,21.13,1
SYN_BENE_0057,2020-01-31,30,23.52,1
SYN_BENE_0057,2020-03-02,30,19.37,1
SYN_BENE_0057,2020-04-03,30,20.89,1
SYN_BENE_0057,2020-05-01,30,24.51,1
SYN_BENE_0057,2020-06-02,30,20.85,1
SYN_BENE_0057,2020-07-01,30,20.04,1
SYN_BENE_0057,2020-07-31,30,19.6,1
SYN_BENE_0058,2020-01-12,30,31.64,1
SYN_BENE_0058,2020-02-10,30,32.76,1
SYN_BENE_0058,2020-03-10,30,36.36,1
SYN_BENE_0058,2020-04-09,30,33.87,1
SYN_BENE_0058,2020-05-11,30,32.46,1
SYN_BENE_0059,2020-01-11,30,22.71,1
SYN_BENE_0059,2020-02-08,30,23.04,1
SYN_BENE_0059,2020-03-08,30,24.55,1
SYN_BENE_0059,2020-04-09,30,18.04,1
SYN_BENE_0059,2020-05-10,30,21.3,1
SYN_BENE_0059,2020-06-09,30,20.4,1
SYN_BENE_0059,2020-07-09,30,21.79,1
SYN_BENE_0059,2020-08-10,30,22.3,1
SYN_BENE_0060,2020-01-21,30,21.68,1
SYN_BENE_0060,2020-02-18,30,27.73,1
SYN_BENE_0060,2020-03-18,30,23.68,1
SYN_BENE_0060,2020-04-15,30,25.19,1
SYN_BENE_0060,2020-05-17,30,22.65,1
SYN_BENE_0061,2020-01-12,30,48.09,1
SYN_BENE_0061,2020-02-11,30,47.39,1
SYN_BENE_0061,2020-03-12,30,49.14,1
SYN_BENE_0061,2020-04-12,30,52.6,1
SYN_BENE_0061,2020-05-12,30,50.34,1
SYN_BENE_0061,2020-06-13,30,49.95,1
SYN_BENE_0061,2020-07-11,30,49.24,1
SYN_BENE_0062,2020-01-26,30,13.53,1
SYN_BENE_0062,2020-02-24,30,9.56,1
SYN_BENE_0062,2020-03-27,30,17.28,1
SYN_BENE_0062,2020-04-24,30,11.68,1
SYN_BENE_0062,2020-05-24,30,11.76,1
SYN_BENE_0062,2020-06-25,30,14.32,1
SYN_BENE_0063,2020-01-03,30,22.6,1
SYN_BENE_0063,2020-01-31,30,20.22,1
SYN_BENE_0063,2020-03-02,30,25.59,1
SYN_BENE_0063,2020-04-02,30,24.8,1
SYN_BENE_0063,2020-05-02,30,22.66,1
SYN_BENE_0063,2020-05-31,30,22.24,1
SYN_BENE_0063,2020-06-28,30,23.03,1
SYN_BENE_0063,2020-07-29,30,21.46,1
SYN_BENE_0063,2020-08-27,30,24.85,1
SYN_BENE_0063,2020-09-24,30,23.3,1
SYN_BENE_0064,2020-01-02,30,12.76,1
SYN_BENE_0064,2020-01-31,30,12.4,1
SYN_BENE_0064,2020-03-01,30,11.07,1
SYN_BENE_0064,2020-03-31,30,9.94,1
SYN_BENE_0064,2020-05-02,30,13.79,1
SYN_BENE_0064,2020-06-02,30,12.82,1
SYN_BENE_0064,2020-06-30,30,11.6,1
SYN_BENE_0064,2020-07-29,30,10.44,1
SYN_BENE_0064,2020-08-29,30,9.65,1
SYN_BENE_0065,2020-01-01,30,15.83,1
SYN_BENE_0065,2020-01-30,30,18.95,1
SYN_BENE_0065,2020-03-01,30,20.89,1
SYN_BENE_0065,2020-03-29,30,22.78,1
SYN_BENE_0065,2020-04-30,30,19.48,1
SYN_BENE_0065,2020-05-28,30,20.02,1
SYN_BENE_0065,2020-06-25,30,17.41,1
SYN_BENE_0065,2020-07-24,30,20.92,1
SYN_BENE_0066,2020-01-29,30,22.33,1
SYN_BENE_0066,2020-02-28,30,19.93,1
SYN_BENE_0066,2020-03-31,30,20.06,1
SYN_BENE_0066,2020-05-02,30,19.04,1
SYN_BENE_0066,2020-06-03,30,20.1,1
SYN_BENE_0066,2020-07-01,30,19.36,1
SYN_BENE_0066,2020-07-29,30,21.39,1
SYN_BENE_0066,2020-08-26,30,22.75,1
SYN_BENE_0067,2020-01-03,30,33.14,1
SYN_BENE_0067,2020-02-01,30,31.54,1
SYN_BENE_0067,2020-03-01,30,32.23,1
SYN_BENE_0067,2020-03-31,30,34.83,1
SYN_BENE_0068,2020-01-13,30,22.05,1
SYN_BENE_0068,2020-02-11,30,22.54,1
SYN_BENE_0068,2020-03-12,30,18.23,1
SYN_BENE_0068,2020-04-12,30,20.12,1
SYN_BENE_0068,2020-05-14,30,19.52,1
SYN_BENE_0068,2020-06-11,30,19.62,1
SYN_BENE_0068,2020-07-13,30,17.14,1
SYN_BENE_0068,2020-08-13,30,20.9,1
SYN_BENE_0068,2020-09-12,30,18.89,1
SYN_BENE_0069,2020-01-05,30,22.4,1
SYN_BENE_0069,2020-02-05,30,11.85,1
SYN_BENE_0069,2020-03-08,30,17.07,1
SYN_BENE_0069,2020-04-07,30,17.83,1
SYN_BENE_0069,2020-05-06,30,20.9,1
SYN_BENE_0069,2020-06-05,30,19.63,1
SYN_BENE_0069,2020-07-05,30,20.08,1
SYN_BENE_0069,2020-08-05,30,20.45,1
SYN_BENE_0069,2020-09-02,30,19.82,1
SYN_BENE_0070,2020-01-10,30,12.93,1
SYN_BENE_0070,2020-02-09,30,15.19,1
SYN_BENE_0070,2020-03-12,30,13.9,1
SYN_BENE_0070,2020-04-11,30,14.53,1
SYN_BENE_0070,2020-05-13,30,12.85,1
SYN_BENE_0070,2020-06-13,30,15.22,1
SYN_BENE_0070,2020-07-12,30,14.29,1
SYN_BENE_0070,2020-08-10,30,16.79,1
SYN_BENE_0071,2020-01-14,30,20.34,1
SYN_BENE_0071,2020-02-14,30,24.55,1
SYN_BENE_0071,2020-03-17,30,22.44,1
SYN_BENE_0071,2020-04-15,30,23.5,1
SYN_BENE_0071,2020-05-13,30,22.87,1
SYN_BENE_0071,2020-06-13,30,23.62,1
SYN_BENE_0071,2020-07-15,30,22.16,1
SYN_BENE_0071,2020-08-14,30,23.45,1
SYN_BENE_0072,2020-01-12,30,11.3,1
SYN_BENE_0072,2020-02-11,30,12.61,1
SYN_BENE_0072,2020-03-11,30,13.43,1
SYN_BENE_0072,2020-04-12,30,11.64,1
SYN_BENE_0073,2020-01-01,30,22.72,1
SYN_BENE_0073,2020-02-01,30,20.49,1
SYN_BENE_0073,2020-02-29,30,25.54,1
SYN_BENE_0073,2020-03-30,30,23.16,1
SYN_BENE_0073,2020-04-30,30,23.87,1
SYN_BENE_0073,2020-05-31,30,24.1,1
SYN_BENE_0074,2020-01-11,30,21.79,1
SYN_BENE_0074,2020-02-12,30,21.42,1
SYN_BENE_0074,2020-03-13,30,17.24,1
SYN_BENE_0074,2020-04-11,30,19.8,1
SYN_BENE_0074,2020-05-12,30,22.81,1
SYN_BENE_0074,2020-06-11,30,22.65,1
SYN_BENE_0074,2020-07-09,30,18.43,1
SYN_BENE_0074,2020-08-09,30,23.82,1
SYN_BENE_0074,2020-09-08,30,21.62,1
SYN_BENE_0075,2020-01-27,30,44.7,1
SYN_BENE_0075,2020-02-26,30,42.49,1
SYN_BENE_0075,2020-03-28,30,45.67,1
SYN_BENE_0075,2020-04-26,30,46.29,1
SYN_BENE_0075,2020-05-24,30,44.77,1
SYN_BENE_0075,2020-06-21,30,40.94,1
SYN_BENE_0075,2020-07-19,30,45.0,1
SYN_BENE_0075,2020-08-16,30,44.68,1
SYN_BENE_0075,2020-09-17,30,41.8,1
SYN_BENE_0075,2020-10-19,30,40.88,1
SYN_BENE_0076,2020-01-17,30,14.4,1
SYN_BENE_0076,2020-02-15,30,15.41,1
SYN_BENE_0076,2020-03-16,30,9.47,1
SYN_BENE_0076,2020-04-17,30,10.98,1
SYN_BENE_0076,2020-05-17,30,11.4,1
SYN_BENE_0076,2020-06-14,30,10.46,1
SYN_BENE_0076,2020-07-15,30,8.15,1
SYN_BENE_0076,2020-08-15,30,12.83,1
SYN_BENE_0077,2020-01-28,30,11.58,1
SYN_BENE_0077,2020-02-25,30,11.95,1
SYN_BENE_0077,2020-03-25,30,15.05,1
SYN_BENE_0077,2020-04-23,30,14.87,1
SYN_BENE_0077,2020-05-22,30,14.14,1
SYN_BENE_0078,2020-01-23,30,40.22,1
SYN_BENE_0078,2020-02-20,30,39.58,1
SYN_BENE_0078,2020-03-20,30,39.35,1
SYN_BENE_0078,2020-04-19,30,37.93,1
SYN_BENE_0078,2020-05-19,30,37.04,1
SYN_BENE_0079,2020-01-22,30,29.99,1
SYN_BENE_0079,2020-02-19,30,27.65,1
SYN_BENE_0079,2020-03-19,30,25.66,1
SYN_BENE_0079,2020-04-19,30,26.79,1
SYN_BENE_0079,2020-05-21,30,27.12,1
SYN_BENE_0080,2020-01-26,30,24.3,1
SYN_BENE_0080,2020-02-27,30,23.91,1
SYN_BENE_0080,2020-03-28,30,20.54,1
SYN_BENE_0080,2020-04-25,30,25.56,1
SYN_BENE_0080,2020-05-25,30,20.91,1
SYN_BENE_0080,2020-06-24,30,24.29,1
SYN_BENE_0081,2020-01-29,30,26.06,1
SYN_BENE_0081,2020-03-01,30,27.44,1
SYN_BENE_0081,2020-03-30,30,25.77,1
SYN_BENE_0081,2020-04-30,30,29.88,1
SYN_BENE_0081,2020-05-31,30,23.61,1
SYN_BENE_0081,2020-07-02,30,30.74,1
SYN_BENE_0081,2020-07-31,30,28.89,1
SYN_BENE_0081,2020-08-29,30,26.66,1
SYN_BENE_0082,2020-01-06,30,37.8,1
SYN_BENE_0082,2020-02-06,30,36.56,1
SYN_BENE_0082,2020-03-07,30,39.15,1
SYN_BENE_0082,2020-04-04,30,38.96,1
SYN_BENE_0082,2020-05-04,30,35.25,1
SYN_BENE_0082,2020-06-02,30,38.98,1
SYN_BENE_0082,2020-07-03,30,36.66,1
SYN_BENE_0083,2020-01-05,30,8.12,1
SYN_BENE_0083,2020-02-05,30,15.99,1
SYN_BENE_0083,2020-03-04,30,9.47,1
SYN_BENE_0083,2020-04-04,30,10.45,1
SYN_BENE_0083,2020-05-04,30,13.4,1
SYN_BENE_0083,2020-06-01,30,10.18,1
SYN_BENE_0083,2020-07-02,30,15.09,1
SYN_BENE_0083,2020-08-02,30,12.67,1
SYN_BENE_0084,2020-01-10,30,13.89,1
SYN_BENE_0084,2020-02-11,30,14.93,1
SYN_BENE_0084,2020-03-10,30,11.95,1
SYN_BENE_0084,2020-04-11,30,14.24,1
SYN_BENE_0084,2020-05-09,30,10.16,1
SYN_BENE_0084,2020-06-06,30,12.24,1
SYN_BENE_0085,2020-01-11,30,38.76,1
SYN_BENE_0085,2020-02-11,30,41.89,1
SYN_BENE_0085,2020-03-13,30,39.28,1
SYN_BENE_0085,2020-04-13,30,39.8,1
SYN_BENE_0086,2020-01-29,30,13.55,1
SYN_BENE_0086,2020-02-26,30,12.82,1
SYN_BENE_0086,2020-03-29,30,11.47,1
SYN_BENE_0086,2020-04-26,30,11.11,1
SYN_BENE_0086,2020-05-28,30,9.3,1
SYN_BENE_0086,2020-06-27,30,11.52,1
SYN_BENE_0087,2020-01-12,30,11.94,1
SYN_BENE_0087,2020-02-10,30,16.21,1
SYN_BENE_0087,2020-03-09,30,16.84,1
SYN_BENE_0087,2020-04-08,30,20.11,1
SYN_BENE_0087,2020-05-09,30,15.65,1
SYN_BENE_0087,2020-06-10,30,14.47,1
SYN_BENE_0087,2020-07-12,30,16.94,1
SYN_BENE_0087,2020-08-09,30,14.49,1
SYN_BENE_0087,2020-09-10,30,16.9,1
SYN_BENE_0088,2020-01-22,30,20.15,1
SYN_BENE_0088,2020-02-19,30,24.22,1
SYN_BENE_0088,2020-03-19,30,20.61,1
SYN_BENE_0088,2020-04-19,30,22.31,1
SYN_BENE_0088,2020-05-19,30,20.61,1
SYN_BENE_0088,2020-06-16,30,21.11,1
SYN_BENE_0088,2020-07-14,30,21.49,1
SYN_BENE_0088,2020-08-15,30,17.93,1
SYN_BENE_0088,2020-09-16,30,16.51,1
SYN_BENE_0088,2020-10-15,30,22.1,1
SYN_BENE_0089,2020-01-06,30,24.73,1
SYN_BENE_0089,2020-02-03,30,22.22,1
SYN_BENE_0089,2020-03-06,30,25.95,1
SYN_BENE_0089,2020-04-06,30,23.63,1
SYN_BENE_0089,2020-05-05,30,19.35,1
SYN_BENE_0090,2020-01-19,30,40.45,1
SYN_BENE_0090,2020-02-20,30,41.72,1
SYN_BENE_0090,2020-03-21,30,45.07,1
SYN_BENE_0090,2020-04-18,30,42.55,1
SYN_BENE_0090,2020-05-16,30,40.26,1
SYN_BENE_0090,2020-06-17,30,40.12,1
SYN_BENE_0090,2020-07-19,30,39.43,1
SYN_BENE_0090,2020-08-18,30,40.33,1
SYN_BENE_0090,2020-09-15,30,38.01,1
SYN_BENE_0091,2020-01-03,30,16.71,1
SYN_BENE_0091,2020-02-01,30,19.71,1
SYN_BENE_0091,2020-03-01,30,14.59,1
SYN_BENE_0091,2020-03-30,30,17.72,1
SYN_BENE_0092,2020-01-06,30,44.26,1
SYN_BENE_0092,2020-02-04,30,43.5,1
SYN_BENE_0092,2020-03-07,30,46.27,1
SYN_BENE_0092,2020-04-06,30,43.3,1
SYN_BENE_0092,2020-05-05,30,46.93,1
SYN_BENE_0093,2020-01-23,30,30.88,1
SYN_BENE_0093,2020-02-23,30,27.49,1
SYN_BENE_0093,2020-03-24,30,27.99,1
SYN_BENE_0093,2020-04-24,30,26.86,1
SYN_BENE_0093,2020-05-23,30,28.34,1
SYN_BENE_0093,2020-06-24,30,28.16,1
SYN_BENE_0093,2020-07-24,30,31.93,1
SYN_BENE_0093,2020-08-25,30,27.59,1
SYN_BENE_0094,2020-01-04,30,41.49,1
SYN_BENE_0094,2020-02-01,30,36.59,1
SYN_BENE_0094,2020-03-03,30,38.83,1
SYN_BENE_0094,2020-04-01,30,37.62,1
SYN_BENE_0094,2020-04-29,30,39.73,1
SYN_BENE_0095,2020-01-29,30,18.62,1
SYN_BENE_0095,2020-02-26,30,19.96,1
SYN_BENE_0095,2020-03-28,30,20.51,1
SYN_BENE_0095,2020-04-27,30,19.4,1
SYN_BENE_0095,2020-05-29,30,22.67,1
SYN_BENE_0096,2020-01-28,30,19.89,1
SYN_BENE_0096,2020-02-26,30,18.2,1
SYN_BENE_0096,2020-03-26,30,16.96,1
SYN_BENE_0096,2020-04-23,30,20.62,1
SYN_BENE_0096,2020-05-22,30,17.72,1
SYN_BENE_0096,2020-06-21,30,19.99,1
SYN_BENE_0096,2020-07-19,30,20.91,1
SYN_BENE_0096,2020-08-17,30,17.99,1
SYN_BENE_0096,2020-09-15,30,19.99,1
SYN_BENE_0097,2020-01-15,30,18.7,1
SYN_BENE_0097,2020-02-12,30,20.32,1
SYN_BENE_0097,2020-03-15,30,21.86,1
SYN_BENE_0097,2020-04-14,30,22.66,1
SYN_BENE_0097,2020-05-13,30,20.88,1
SYN_BENE_0097,2020-06-10,30,16.71,1
SYN_BENE_0097,2020-07-08,30,17.8,1
SYN_BENE_0097,2020-08-09,30,22.69,1
SYN_BENE_0098,2020-01-09,30,38.48,1
SYN_BENE_0098,2020-02-07,30,40.11,1
SYN_BENE_0098,2020-03-10,30,35.5,1
SYN_BENE_0098,2020-04-07,30,36.27,1
SYN_BENE_0098,2020-05-08,30,40.17,1
SYN_BENE_0098,2020-06-08,30,37.27,1
SYN_BENE_0098,2020-07-10,30,38.09,1
SYN_BENE_0098,2020-08-08,30,36.49,1
SYN_BENE_0098,2020-09-07,30,33.71,1
SYN_BENE_0098,2020-10-07,30,38.45,1
SYN_BENE_0099,2020-01-06,30,13.48,1
SYN_BENE_0099,2020-02-04,30,15.99,1
SYN_BENE_0099,2020-03-06,30,12.29,1
SYN_BENE_0099,2020-04-06,30,10.73,1
SYN_BENE_0099,2020-05-08,30,13.17,1
SYN_BENE_0099,2020-06-05,30,10.25,1
SYN_BENE_0099,2020-07-04,30,11.87,1
SYN_BENE_0099,2020-08-04,30,10.29,1
SYN_BENE_0099,2020-09-01,30,7.42,1
SYN_BENE_0100,2020-01-28,30,47.97,1
SYN_BENE_0100,2020-02-28,30,49.11,1
SYN_BENE_0100,2020-03-27,30,50.53,1
SYN_BENE_0100,2020-04-28,30,48.49,1
SYN_BENE_0100,2020-05-26,30,48.17,1
SYN_BENE_0100,2020-06-27,30,49.97,1
SYN_BENE_0100,2020-07-26,30,50.13,1
SYN_BENE_0100,2020-08-27,30,47.39,1
SYN_BENE_0100,2020-09-28,30,46.3,1
SYN_BENE_0100,2020-10-27,30,49.14,1
SYN_BENE_0101,2020-01-03,30,27.3,1
SYN_BENE_0101,2020-02-03,30,26.61,1
SYN_BENE_0101,2020-03-05,30,28.68,1
SYN_BENE_0101,2020-04-06,30,25.93,1
SYN_BENE_0101,2020-05-04,30,20.94,1
SYN_BENE_0101,2020-06-02,30,30.26,1
SYN_BENE_0102,2020-01-24,30,32.66,1
SYN_BENE_0102,2020-02-24,30,30.21,1
SYN_BENE_0102,2020-03-25,30,33.26,1
SYN_BENE_0102,2020-04-23,30,30.43,1
SYN_BENE_0102,2020-05-24,30,30.21,1
SYN_BENE_0102,2020-06-22,30,33.47,1
SYN_BENE_0102,2020-07-20,30,32.25,1
SYN_BENE_0102,2020-08-21,30,36.23,1
SYN_BENE_0102,2020-09-22,30,30.7,1
SYN_BENE_0103,2020-01-03,30,46.51,1
SYN_BENE_0103,2020-02-04,30,48.81,1
SYN_BENE_0103,2020-03-04,30,44.95,1
SYN_BENE_0103,2020-04-05,30,48.18,1
SYN_BENE_0103,2020-05-06,30,47.29,1
SYN_BENE_0103,2020-06-06,30,48.72,1
SYN_BENE_0103,2020-07-08,30,49.56,1
SYN_BENE_0104,2020-01-11,30,33.87,1
SYN_BENE_0104,2020-02-10,30,37.07,1
SYN_BENE_0104,2020-03-10,30,30.75,1
SYN_BENE_0104,2020-04-08,30,34.63,1
SYN_BENE_0104,2020-05-07,30,31.82,1
SYN_BENE_0104,2020-06-08,30,31.79,1
SYN_BENE_0104,2020-07-08,30,36.55,1
SYN_BENE_0104,2020-08-05,30,33.56,1
SYN_BENE_0105,2020-01-01,30,29.77,1
SYN_BENE_0105,2020-02-02,30,27.31,1
SYN_BENE_0105,2020-03-04,30,32.2,1
SYN_BENE_0105,2020-04-04,30,25.27,1
SYN_BENE_0105,2020-05-06,30,32.25,1
SYN_BENE_0105,2020-06-06,30,33.81,1
SYN_BENE_0105,2020-07-06,30,28.26,1
SYN_BENE_0106,2020-01-27,30,27.4,1
SYN_BENE_0106,2020-02-25,30,26.36,1
SYN_BENE_0106,2020-03-26,30,29.3,1
SYN_BENE_0106,2020-04-27,30,25.8,1
SYN_BENE_0106,2020-05-26,30,24.58,1
SYN_BENE_0106,2020-06-27,30,27.72,1
SYN_BENE_0106,2020-07-25,30,28.44,1
SYN_BENE_0106,2020-08-26,30,25.58,1
SYN_BENE_0106,2020-09-27,30,26.32,1
SYN_BENE_0106,2020-10-25,30,25.69,1
SYN_BENE_0107,2020-01-11,30,26.8,1
SYN_BENE_0107,2020-02-11,30,27.26,1
SYN_BENE_0107,2020-03-11,30,30.51,1
SYN_BENE_0107,2020-04-10,30,26.45,1
SYN_BENE_0107,2020-05-08,30,30.2,1
SYN_BENE_0107,2020-06-06,30,28.82,1
SYN_BENE_0107,2020-07-08,30,28.76,1
SYN_BENE_0108,2020-01-01,30,40.89,1
SYN_BENE_0108,2020-01-29,30,42.18,1
SYN_BENE_0108,2020-02-28,30,44.2,1
SYN_BENE_0108,2020-03-28,30,40.46,1
SYN_BENE_0109,2020-01-15,30,41.25,1
SYN_BENE_0109,2020-02-14,30,44.37,1
SYN_BENE_0109,2020-03-13,30,45.42,1
SYN_BENE_0109,2020-04-12,30,47.76,1
SYN_BENE_0110,2020-01-24,30,12.57,1
SYN_BENE_0110,2020-02-25,30,9.88,1
SYN_BENE_0110,2020-03-27,30,6.88,1
SYN_BENE_0110,2020-04-26,30,10.2,1
SYN_BENE_0110,2020-05-25,30,13.81,1
SYN_BENE_0110,2020-06-26,30,13.93,1
SYN_BENE_0111,2020-01-06,30,13.68,1
SYN_BENE_0111,2020-02-03,30,15.3,1
SYN_BENE_0111,2020-03-02,30,11.79,1
SYN_BENE_0111,2020-03-30,30,10.8,1
SYN_BENE_0111,2020-04-27,30,12.3,1
SYN_BENE_0112,2020-01-30,30,21.34,1
SYN_BENE_0112,2020-02-28,30,24.76,1
SYN_BENE_0112,2020-03-28,30,19.14,1
SYN_BENE_0112,2020-04-26,30,22.28,1
SYN_BENE_0112,2020-05-28,30,23.49,1
SYN_BENE_0112,2020-06-28,30,21.44,1
SYN_BENE_0112,2020-07-27,30,19.7,1
SYN_BENE_0113,2020-01-23,30,12.12,1
SYN_BENE_0113,2020-02-23,30,11.57,1
SYN_BENE_0113,2020-03-25,30,13.06,1
SYN_BENE_0113,2020-04-25,30,13.36,1
SYN_BENE_0113,2020-05-23,30,13.25,1
SYN_BENE_0114,2020-01-03,30,37.46,1
SYN_BENE_0114,2020-02-04,30,33.54,1
SYN_BENE_0114,2020-03-07,30,37.6,1
SYN_BENE_0114,2020-04-07,30,40.06,1
SYN_BENE_0114,2020-05-07,30,39.11,1
SYN_BENE_0114,2020-06-04,30,35.26,1
SYN_BENE_0114,2020-07-05,30,37.66,1
SYN_BENE_0114,2020-08-04,30,35.56,1
SYN_BENE_0115,2020-01-15,30,30.85,1
SYN_BENE_0115,2020-02-16,30,33.64,1
SYN_BENE_0115,2020-03-15,30,26.44,1
SYN_BENE_0115,2020-04-14,30,30.39,1
SYN_BENE_0115,2020-05-16,30,30.56,1
SYN_BENE_0116,2020-01-05,30,14.69,1
SYN_BENE_0116,2020-02-03,30,15.98,1
SYN_BENE_0116,2020-03-03,30,14.7,1
SYN_BENE_0116,2020-04-01,30,16.92,1
SYN_BENE_0117,2020-01-07,30,31.8,1
SYN_BENE_0117,2020-02-04,30,35.97,1
SYN_BENE_0117,2020-03-06,30,30.17,1
SYN_BENE_0117,2020-04-04,30,33.03,1
SYN_BENE_0117,2020-05-03,30,35.9,1
SYN_BENE_0117,2020-06-04,30,31.7,1
SYN_BENE_0117,2020-07-04,30,32.39,1
SYN_BENE_0117,2020-08-03,30,38.05,1
SYN_BENE_0117,2020-09-02,30,33.8,1
SYN_BENE_0118,2020-01-05,30,35.69,1
SYN_BENE_0118,2020-02-02,30,34.16,1
SYN_BENE_0118,2020-03-04,30,40.11,1
SYN_BENE_0118,2020-04-05,30,36.68,1
SYN_BENE_0118,2020-05-04,30,40.24,1
SYN_BENE_0119,2020-01-24,30,40.83,1
SYN_BENE_0119,2020-02-23,30,38.62,1
SYN_BENE_0119,2020-03-22,30,35.96,1
SYN_BENE_0119,2020-04-21,30,36.72,1
SYN_BENE_0119,2020-05-20,30,36.15,1
SYN_BENE_0119,2020-06-21,30,37.24,1
SYN_BENE_0119,2020-07-23,30,40.01,1
SYN_BENE_0119,2020-08-23,30,37.78,1
SYN_BENE_0119,2020-09-20,30,35.9,1
SYN_BENE_0120,2020-01-20,30,12.88,1
SYN_BENE_0120,2020-02-17,30,13.66,1
SYN_BENE_0120,2020-03-19,30,9.85,1
SYN_BENE_0120,2020-04-19,30,12.47,1
SYN_BENE_0120,2020-05-19,30,13.11,1
SYN_BENE_0121,2020-01-18,30,13.86,1
SYN_BENE_0121,2020-02-15,30,19.99,1
SYN_BENE_0121,2020-03-14,30,19.96,1
SYN_BENE_0121,2020-04-13,30,17.26,1
SYN_BENE_0121,2020-05-12,30,16.32,1
SYN_BENE_0122,2020-01-14,30,18.28,1
SYN_BENE_0122,2020-02-11,30,19.83,1
SYN_BENE_0122,2020-03-14,30,16.68,1
SYN_BENE_0122,2020-04-12,30,13.28,1
SYN_BENE_0122,2020-05-13,30,19.22,1
SYN_BENE_0122,2020-06-13,30,19.31,1
SYN_BENE_0123,2020-01-09,30,15.81,1
SYN_BENE_0123,2020-02-09,30,14.36,1
SYN_BENE_0123,2020-03-08,30,16.16,1
SYN_BENE_0123,2020-04-08,30,15.95,1
SYN_BENE_0123,2020-05-08,30,18.13,1
SYN_BENE_0123,2020-06-06,30,14.97,1
SYN_BENE_0123,2020-07-05,30,15.4,1
SYN_BENE_0123,2020-08-02,30,17.78,1
SYN_BENE_0123,2020-09-03,30,18.46,1
SYN_BENE_0124,2020-01-04,30,26.67,1
SYN_BENE_0124,2020-02-02,30,23.31,1
SYN_BENE_0124,2020-03-05,30,25.99,1
SYN_BENE_0124,2020-04-03,30,23.58,1
SYN_BENE_0124,2020-05-01,30,23.72,1
SYN_BENE_0124,2020-06-02,30,20.39,1
SYN_BENE_0124,2020-06-30,30,23.74,1
SYN_BENE_0124,2020-07-30,30,23.22,1
SYN_BENE_0125,2020-01-25,30,17.06,1
SYN_BENE_0125,2020-02-23,30,16.11,1
SYN_BENE_0125,2020-03-22,30,20.58,1
SYN_BENE_0125,2020-04-19,30,15.29,1
SYN_BENE_0125,2020-05-18,30,17.44,1
SYN_BENE_0125,2020-06-18,30,16.73,1
SYN_BENE_0125,2020-07-16,30,17.63,1
SYN_BENE_0126,2020-01-02,30,10.74,1
SYN_BENE_0126,2020-01-31,30,13.15,1
SYN_BENE_0126,2020-02-28,30,12.37,1
SYN_BENE_0126,2020-03-29,30,17.29,1
SYN_BENE_0127,2020-01-07,30,31.96,1
SYN_BENE_0127,2020-02-06,30,31.77,1
SYN_BENE_0127,2020-03-05,30,30.53,1
SYN_BENE_0127,2020-04-05,30,30.22,1
SYN_BENE_0127,2020-05-04,30,34.14,1
SYN_BENE_0127,2020-06-05,30,30.28,1
SYN_BENE_0127,2020-07-06,30,31.1,1
SYN_BENE_0127,2020-08-03,30,32.84,1
SYN_BENE_0128,2020-01-28,30,40.76,1
SYN_BENE_0128,2020-02-28,30,39.41,1
SYN_BENE_0128,2020-03-27,30,43.41,1
SYN_BENE_0128,2020-04-27,30,39.95,1
SYN_BENE_0128,2020-05-25,30,39.25,1
SYN_BENE_0129,2020-01-19,30,17.41,1
SYN_BENE_0129,2020-02-17,30,17.31,1
SYN_BENE_0129,2020-03-16,30,16.37,1
SYN_BENE_0129,2020-04-16,30,15.94,1
SYN_BENE_0129,2020-05-14,30,15.58,1
SYN_BENE_0129,2020-06-12,30,18.79,1
SYN_BENE_0129,2020-07-13,30,16.13,1
SYN_BENE_0129,2020-08-11,30,19.49,1
SYN_BENE_0130,2020-01-27,30,20.22,1
SYN_BENE_0130,2020-02-27,30,19.98,1
SYN_BENE_0130,2020-03-30,30,20.04,1
SYN_BENE_0130,2020-04-30,30,19.97,1
SYN_BENE_0130,2020-05-30,30,22.96,1
SYN_BENE_0130,2020-06-27,30,21.12,1
SYN_BENE_0131,2020-01-13,30,52.19,1
SYN_BENE_0131,2020-02-14,30,50.14,1
SYN_BENE_0131,2020-03-15,30,47.82,1
SYN_BENE_0131,2020-04-12,30,48.32,1
SYN_BENE_0132,2020-01-29,30,20.96,1
SYN_BENE_0132,2020-02-29,30,24.03,1
SYN_BENE_0132,2020-03-28,30,24.94,1
SYN_BENE_0132,2020-04-29,30,24.95,1
SYN_BENE_0132,2020-05-30,30,22.34,1
SYN_BENE_0132,2020-06-30,30,20.23,1
SYN_BENE_0133,2020-01-24,30,13.81,1
SYN_BENE_0133,2020-02-25,30,15.2,1
SYN_BENE_0133,2020-03-26,30,13.15,1
SYN_BENE_0133,2020-04-24,30,15.01,1
SYN_BENE_0133,2020-05-22,30,16.0,1
SYN_BENE_0133,2020-06-23,30,14.35,1
SYN_BENE_0133,2020-07-23,30,14.25,1
SYN_BENE_0134,2020-01-01,30,17.44,1
SYN_BENE_0134,2020-02-01,30,12.81,1
SYN_BENE_0134,2020-02-29,30,16.79,1
SYN_BENE_0134,2020-04-01,30,14.29,1
SYN_BENE_0134,2020-05-01,30,14.04,1
SYN_BENE_0134,2020-06-01,30,17.94,1
SYN_BENE_0135,2020-01-04,30,46.12,1
SYN_BENE_0135,2020-02-02,30,47.07,1
SYN_BENE_0135,2020-03-03,30,45.39,1
SYN_BENE_0135,2020-04-02,30,46.15,1
SYN_BENE_0135,2020-05-02,30,41.73,1
SYN_BENE_0135,2020-06-02,30,41.99,1
SYN_BENE_0135,2020-07-04,30,40.5,1
SYN_BENE_0135,2020-08-03,30,46.54,1
SYN_BENE_0135,2020-09-03,30,44.75,1
SYN_BENE_0136,2020-01-26,30,48.04,1
SYN_BENE_0136,2020-02-25,30,50.34,1
SYN_BENE_0136,2020-03-28,30,49.64,1
SYN_BENE_0136,2020-04-25,30,50.43,1
SYN_BENE_0136,2020-05-26,30,47.6,1
SYN_BENE_0136,2020-06-25,30,49.38,1
SYN_BENE_0136,2020-07-23,30,52.33,1
SYN_BENE_0136,2020-08-20,30,48.61,1
SYN_BENE_0136,2020-09-17,30,48.04,1
SYN_BENE_0137,2020-01-11,30,15.07,1
SYN_BENE_0137,2020-02-11,30,11.24,1
SYN_BENE_0137,2020-03-12,30,14.87,1
SYN_BENE_0137,2020-04-09,30,16.39,1
SYN_BENE_0137,2020-05-11,30,11.96,1
SYN_BENE_0137,2020-06-11,30,14.56,1
SYN_BENE_0137,2020-07-11,30,14.67,1
SYN_BENE_0137,2020-08-12,30,11.6,1
SYN_BENE_0137,2020-09-13,30,11.11,1
SYN_BENE_0138,2020-01-09,30,46.86,1
SYN_BENE_0138,2020-02-08,30,47.69,1
SYN_BENE_0138,2020-03-10,30,51.76,1
SYN_BENE_0138,2020-04-10,30,44.14,1
SYN_BENE_0138,2020-05-10,30,46.17,1
SYN_BENE_0138,2020-06-08,30,45.69,1
SYN_BENE_0138,2020-07-10,30,45.67,1
SYN_BENE_0138,2020-08-09,30,49.25,1
SYN_BENE_0139,2020-01-04,30,36.51,1
SYN_BENE_0139,2020-02-04,30,38.51,1
SYN_BENE_0139,2020-03-05,30,35.71,1
SYN_BENE_0139,2020-04-05,30,37.3,1
SYN_BENE_0139,2020-05-03,30,38.16,1
SYN_BENE_0139,2020-05-31,30,35.81,1
SYN_BENE_0140,2020-01-25,30,7.02,1
SYN_BENE_0140,2020-02-25,30,11.73,1
SYN_BENE_0140,2020-03-26,30,10.53,1
SYN_BENE_0140,2020-04-26,30,5.11,1
SYN_BENE_0140,2020-05-28,30,7.05,1
SYN_BENE_0140,2020-06-25,30,8.99,1
SYN_BENE_0140,2020-07-27,30,14.67,1
SYN_BENE_0140,2020-08-27,30,10.28,1
SYN_BENE_0140,2020-09-24,30,7.2,1
SYN_BENE_0141,2020-01-17,30,17.79,1
SYN_BENE_0141,2020-02-18,30,20.31,1
SYN_BENE_0141,2020-03-21,30,19.72,1
SYN_BENE_0141,2020-04-20,30,24.22,1
SYN_BENE_0141,2020-05-18,30,17.2,1
SYN_BENE_0141,2020-06-15,30,18.37,1
SYN_BENE_0141,2020-07-13,30,18.12,1
SYN_BENE_0141,2020-08-10,30,17.17,1
SYN_BENE_0141,2020-09-11,30,18.18,1
SYN_BENE_0142,2020-01-13,30,47.4,1
SYN_BENE_0142,2020-02-10,30,50.14,1
SYN_BENE_0142,2020-03-13,30,45.76,1
SYN_BENE_0142,2020-04-14,30,48.86,1
SYN_BENE_0142,2020-05-12,30,44.85,1
SYN_BENE_0142,2020-06-13,30,48.55,1
SYN_BENE_0143,2020-01-23,30,39.54,1
SYN_BENE_0143,2020-02-23,30,37.29,1
SYN_BENE_0143,2020-03-22,30,39.39,1
SYN_BENE_0143,2020-04-22,30,36.93,1
SYN_BENE_0143,2020-05-23,30,38.09,1
SYN_BENE_0143,2020-06-23,30,38.29,1
SYN_BENE_0143,2020-07-23,30,40.42,1
SYN_BENE_0143,2020-08-20,30,39.04,1
SYN_BENE_0143,2020-09-17,30,39.59,1
SYN_BENE_0144,2020-01-02,30,45.94,1
SYN_BENE_0144,2020-02-02,30,47.04,1
SYN_BENE_0144,2020-03-03,30,44.3,1
SYN_BENE_0144,2020-04-01,30,46.24,1
SYN_BENE_0144,2020-05-03,30,45.64,1
SYN_BENE_0145,2020-01-17,30,36.31,1
SYN_BENE_0145,2020-02-16,30,36.12,1
SYN_BENE_0145,2020-03-16,30,37.59,1
SYN_BENE_0145,2020-04-17,30,38.12,1
SYN_BENE_0145,2020-05-15,30,35.74,1
SYN_BENE_0146,2020-01-24,30,38.19,1
SYN_BENE_0146,2020-02-24,30,35.42,1
SYN_BENE_0146,2020-03-25,30,36.25,1
SYN_BENE_0146,2020-04-23,30,34.48,1
SYN_BENE_0146,2020-05-24,30,34.97,1
SYN_BENE_0146,2020-06-23,30,33.43,1
SYN_BENE_0146,2020-07-24,30,39.08,1
SYN_BENE_0146,2020-08-23,30,37.01,1
SYN_BENE_0146,2020-09-21,30,35.55,1
SYN_BENE_0146,2020-10-22,30,35.94,1
SYN_BENE_0147,2020-01-24,30,22.77,1
SYN_BENE_0147,2020-02-21,30,24.55,1
SYN_BENE_0147,2020-03-20,30,24.67,1
SYN_BENE_0147,2020-04-18,30,25.84,1
SYN_BENE_0148,2020-01-18,30,38.02,1
SYN_BENE_0148,2020-02-17,30,34.48,1
SYN_BENE_0148,2020-03-16,30,37.92,1
SYN_BENE_0148,2020-04-16,30,35.7,1
SYN_BENE_0148,2020-05-14,30,35.53,1
SYN_BENE_0148,2020-06-15,30,36.31,1
SYN_BENE_0148,2020-07-16,30,35.25,1
SYN_BENE_0149,2020-01-27,30,16.09,1
SYN_BENE_0149,2020-02-26,30,16.32,1
SYN_BENE_0149,2020-03-26,30,14.04,1
SYN_BENE_0149,2020-04-27,30,15.57,1
SYN_BENE_0149,2020-05-28,30,18.54,1
SYN_BENE_0149,2020-06-29,30,11.15,1
