multiplier_step,injection_fraction,iforest_auc_mean,iforest_auc_std,logreg_auc_mean,logreg_auc_std,confounder_flagged_pct,leakage_auc_drop
0.05,0.05,0.7462,0.0525,0.8605,0.0861,43.33,0.4286
0.05,0.1,0.7169,0.0453,0.8899,0.0429,78.93,0.4105
0.05,0.15,0.7036,0.0377,0.8831,0.0452,99.62,0.4452
0.1,0.05,0.8571,0.0275,0.9495,0.0554,41.33,0.377
0.1,0.1,0.8328,0.0167,0.9628,0.0237,71.79,0.3406
0.1,0.15,0.8126,0.0206,0.9583,0.0243,99.23,0.3268
0.2,0.05,0.9355,0.0192,0.9856,0.0195,31.0,0.1852
0.2,0.1,0.9018,0.0125,0.9878,0.0101,57.86,0.1423
0.2,0.15,0.8787,0.0148,0.9853,0.0108,80.77,0.1294
0.4,0.05,0.9711,0.0131,0.9949,0.005,22.33,0.0595
0.4,0.1,0.9513,0.0117,0.9941,0.0053,37.86,0.058
0.4,0.15,0.9272,0.017,0.9915,0.0066,53.46,0.0553
