ndc_code,drug_name,brand_name,labeler,source_url
0002-0121-00,"Insulin lispro (Insulin lispro) Insulin Lispro 100 [iU]/mL [Injection, Suspension] – 3 mL in 1 SYRINGE (0002-0121-00)",,Eli Lilly and Company,https://api.fda.gov/drug/ndc.json?search=generic_name%3A%22insulin+lispro%22&limit=100
0002-0124-00,"Insulin lispro (Insulin lispro) Insulin Lispro 100 [iU]/mL [Injection, Suspension] – 10 mL in 1 VIAL, MULTI-DOSE (0002-0124-00)",,Eli Lilly and Company,https://api.fda.gov/drug/ndc.json?search=generic_name%3A%22insulin+lispro%22&limit=100
0002-0124-03,"Insulin lispro (Insulin lispro) Insulin Lispro 100 [iU]/mL [Injection, Suspension] – 3 mL in 1 VIAL, MULTI-DOSE (0002-0124-03)",,Eli Lilly and Company,https://api.fda.gov/drug/ndc.json?search=generic_name%3A%22insulin+lispro%22&limit=100
0002-0137-00,"Insulin lispro (Insulin lispro) Insulin Lispro 100 [iU]/mL [Injection, Suspension] – 3 mL in 1 SYRINGE (0002-0137-00)",,Eli Lilly and Company,https://api.fda.gov/drug/ndc.json?search=generic_name%3A%22insulin+lispro%22&limit=100
0002-0535-04,Insulin lispro (Insulin lispro) Insulin Lispro 1 g/g [Crystal] – 4 BOTTLE in 1 CONTAINER (0002-0535-04)  / 2000 g in 1 BOTTLE,,Eli Lilly and Company,https://api.fda.gov/drug/ndc.json?search=generic_name%3A%22insulin+lispro%22&limit=100
0002-0535-18,Insulin lispro (Insulin lispro) Insulin Lispro 1 g/g [Crystal] – 1 BOTTLE in 1 CONTAINER (0002-0535-18)  / 2000 g in 1 BOTTLE,,Eli Lilly and Company,https://api.fda.gov/drug/ndc.json?search=generic_name%3A%22insulin+lispro%22&limit=100
0002-0872-00,"Insulin lispro-aabc (Insulin lispro-aabc) Insulin Lispro 100 [iU]/mL [Injection, Solution] – 3 mL in 1 CARTRIDGE (0002-0872-00)",,Eli Lilly and Company,https://api.fda.gov/drug/ndc.json?search=generic_name%3A%22insulin+lispro%22&limit=100
0002-0872-30,"Insulin lispro-aabc (Insulin lispro-aabc) Insulin Lispro 100 [iU]/mL [Injection, Solution] – 30 TRAY in 1 BOX (0002-0872-30)  / 330 CARTRIDGE in 1 TRAY / 3 mL in 1 CARTRIDGE",,Eli Lilly and Company,https://api.fda.gov/drug/ndc.json?search=generic_name%3A%22insulin+lispro%22&limit=100
0002-1076-00,"Insulin glargine (Insulin glargine) Insulin Glargine 100 [iU]/mL [Injection, Solution] – 3 mL in 1 SYRINGE (0002-1076-00)",,Eli Lilly and Company,https://api.fda.gov/drug/ndc.json?search=generic_name%3A%22insulin+glargine%22&limit=100
0002-1099-00,"Insulin lispro (Insulin lispro) Insulin Lispro 200 [iU]/mL [Injection, Solution] – 3 mL in 1 SYRINGE (0002-1099-00)",,Eli Lilly and Company,https://api.fda.gov/drug/ndc.json?search=generic_name%3A%22insulin+lispro%22&limit=100
0002-1437-00,"Insulin glargine (Insulin glargine) Insulin Glargine 100 [iU]/mL [Injection, Solution] – 3 mL in 1 SYRINGE (0002-1437-00)",,Eli Lilly and Company,https://api.fda.gov/drug/ndc.json?search=generic_name%3A%22insulin+glargine%22&limit=100
0002-1455-00,"Insulin lispro (Insulin lispro) Insulin Lispro 100 [iU]/mL [Injection, Solution] – 3 mL in 1 SYRINGE (0002-1455-00)",,Eli Lilly and Company,https://api.fda.gov/drug/ndc.json?search=generic_name%3A%22insulin+lispro%22&limit=100
0002-2415-00,"Insulin lispro-aabc (Insulin lispro-aabc) Insulin Lispro 100 [iU]/mL [Injection, Solution] – 10 mL in 1 VIAL, MULTI-DOSE (0002-2415-00)",,Eli Lilly and Company,https://api.fda.gov/drug/ndc.json?search=generic_name%3A%22insulin+lispro%22&limit=100
0002-2479-00,"Insulin lispro-aabc (Insulin lispro-aabc) Insulin Lispro 100 [iU]/mL [Injection, Solution] – 3 mL in 1 SYRINGE (0002-2479-00)",,Eli Lilly and Company,https://api.fda.gov/drug/ndc.json?search=generic_name%3A%22insulin+lispro%22&limit=100
0002-2499-00,"Insulin lispro (Insulin lispro) Insulin Lispro 100 [iU]/mL [Injection, Solution] – 3 mL in 1 SYRINGE (0002-2499-00)",,Eli Lilly and Company,https://api.fda.gov/drug/ndc.json?search=generic_name%3A%22insulin+lispro%22&limit=100
0002-2509-00,"Insulin lispro-aabc (Insulin lispro-aabc) Insulin Lispro 100 [iU]/mL [Injection, Solution] – 3 mL in 1 SYRINGE (0002-2509-00)",,Eli Lilly and Company,https://api.fda.gov/drug/ndc.json?search=generic_name%3A%22insulin+lispro%22&limit=100
0002-2572-00,"Insulin lispro-aabc (Insulin lispro-aabc) Insulin Lispro 100 [iU]/mL [Injection, Solution] – 3 mL in 1 SYRINGE (0002-2572-00)",,Eli Lilly and Company,https://api.fda.gov/drug/ndc.json?search=generic_name%3A%22insulin+lispro%22&limit=100
0002-2576-00,"Insulin lispro (Insulin lispro) Insulin Lispro 100 [iU]/mL [Injection, Solution] – 10 mL in 1 VIAL (0002-2576-00)",,Eli Lilly and Company,https://api.fda.gov/drug/ndc.json?search=generic_name%3A%22insulin+lispro%22&limit=100
0002-2576-99,"Insulin lispro (Insulin lispro) Insulin Lispro 100 [iU]/mL [Injection, Solution] – 3 mL in 1 VIAL (0002-2576-99)",,Eli Lilly and Company,https://api.fda.gov/drug/ndc.json?search=generic_name%3A%22insulin+lispro%22&limit=100
0002-2578-00,"Insulin lispro-aabc (Insulin lispro-aabc) Insulin Lispro 200 [iU]/mL [Injection, Solution] – 3 mL in 1 SYRINGE (0002-2578-00)",,Eli Lilly and Company,https://api.fda.gov/drug/ndc.json?search=generic_name%3A%22insulin+lispro%22&limit=100
0002-6007-00,"Insulin lispro (Insulin lispro) Insulin Lispro 100 [iU]/mL [Injection, Solution] – 3 mL in 1 SYRINGE (0002-6007-00)",,Eli Lilly and Company,https://api.fda.gov/drug/ndc.json?search=generic_name%3A%22insulin+lispro%22&limit=100
0002-9524-01,Insulin glargine (Insulin glargine) Insulin Glargine 1 g/g [Crystal] – 1 BOTTLE in 1 CONTAINER (0002-9524-01)  / 2000 g in 1 BOTTLE,,Eli Lilly and Company,https://api.fda.gov/drug/ndc.json?search=generic_name%3A%22insulin+glargine%22&limit=100
0002-9524-04,Insulin glargine (Insulin glargine) Insulin Glargine 1 g/g [Crystal] – 4 BOTTLE in 1 CONTAINER (0002-9524-04)  / 2000 g in 1 BOTTLE,,Eli Lilly and Company,https://api.fda.gov/drug/ndc.json?search=generic_name%3A%22insulin+glargine%22&limit=100
0110-0541-04,Insulin lispro (Insulin lispro) Insulin Lispro 1 g/g [Crystal] – 4 BOX in 1 BOX (0110-0541-04)  / 2 BOTTLE in 1 BOX / 2000 g in 1 BOTTLE,,"Lilly del Caribe, Inc.",https://api.fda.gov/drug/ndc.json?search=generic_name%3A%22insulin+lispro%22&limit=100
0110-0541-08,Insulin lispro (Insulin lispro) Insulin Lispro 1 g/g [Crystal] – 4 BOTTLE in 1 BOX (0110-0541-08)  / 2000 g in 1 BOTTLE,,"Lilly del Caribe, Inc.",https://api.fda.gov/drug/ndc.json?search=generic_name%3A%22insulin+lispro%22&limit=100
0110-0571-01,Insulin lispro (Insulin lispro) Insulin Lispro 1 g/g [Crystal] – 4 BOTTLE in 1 BOX (0110-0571-01)  / 2000 g in 1 BOTTLE,,"Lilly del Caribe, Inc.",https://api.fda.gov/drug/ndc.json?search=generic_name%3A%22insulin+lispro%22&limit=100
0110-0571-04,Insulin lispro (Insulin lispro) Insulin Lispro 1 g/g [Crystal] – 4 BOX in 1 BOX (0110-0571-04)  / 2 BOTTLE in 1 BOX / 2000 g in 1 BOTTLE,,"Lilly del Caribe, Inc.",https://api.fda.gov/drug/ndc.json?search=generic_name%3A%22insulin+lispro%22&limit=100
0420-9000-01,Insulin Aspart (Insulin Aspart) Insulin Aspart 1 g/g [Crystal] – 1000 g in 1 CONTAINER (0420-9000-01),,Novo Nordisk A/S,https://api.fda.gov/drug/ndc.json?search=generic_name%3A%22insulin+aspart%22&limit=100
0420-9003-01,Insulin Detemir (Insulin Detemir) Insulin Detemir 1 g/g [Crystal] – 1000 g in 1 CONTAINER (0420-9003-01),,Novo Nordisk A/S,https://api.fda.gov/drug/ndc.json?search=generic_name%3A%22insulin+detemir%22&limit=100
0420-9010-01,Insulin Aspart (Insulin Aspart) Insulin Aspart 1 g/g [Crystal] – 4000 g in 1 CONTAINER (0420-9010-01),,Novo Nordisk A/S,https://api.fda.gov/drug/ndc.json?search=generic_name%3A%22insulin+aspart%22&limit=100
0420-9013-01,Insulin Detemir (Insulin Detemir) Insulin Detemir 1 g/g [Crystal] – 4000 g in 1 CONTAINER (0420-9013-01),,Novo Nordisk A/S,https://api.fda.gov/drug/ndc.json?search=generic_name%3A%22insulin+detemir%22&limit=100
12854-050-01,"insulin aspart-szjj (insulin aspart-szjj) Insulin Aspart 100 [iU]/mL [Injection, Solution] – 120 CARTON in 1 BOX (12854-050-01)  / 1 VIAL, GLASS in 1 CARTON / 10 mL in 1 VIAL, GLASS",,Sanofi-Aventis Deutschland GmbH,https://api.fda.gov/drug/ndc.json?search=generic_name%3A%22insulin+aspart%22&limit=100
12854-060-01,"insulin aspart-szjj (insulin aspart-szjj) Insulin Aspart 100 [iU]/mL [Injection, Solution] – 40 CARTON in 1 BOX (12854-060-01)  / 5 SYRINGE in 1 CARTON / 3 mL in 1 SYRINGE",,Sanofi-Aventis Deutschland GmbH,https://api.fda.gov/drug/ndc.json?search=generic_name%3A%22insulin+aspart%22&limit=100
52221-115-00,Insulin Aspart (Insulin Aspart) Insulin Aspart 1 kg/kg [Powder] – 1 CAN in 1 CARTON (52221-115-00)  / 1 BAG in 1 CAN / 1 kg in 1 BAG,,"Amphastar Nanjing Pharmaceuticals, Inc.",https://api.fda.gov/drug/ndc.json?search=generic_name%3A%22insulin+aspart%22&limit=100
52221-125-00,Insulin Glargine (Insulin Glargine) Insulin Glargine 1 kg/kg [Powder] – 1 DRUM in 1 CARTON (52221-125-00)  / 1 BAG in 1 DRUM / 25 kg in 1 BAG,,"Amphastar Nanjing Pharmaceuticals, Inc.",https://api.fda.gov/drug/ndc.json?search=generic_name%3A%22insulin+glargine%22&limit=100
52221-127-00,Insulin Degludec (Insulin Degludec) Insulin Degludec 1 g/g [Powder] – 150 g in 1 PACKAGE (52221-127-00),,"Amphastar Nanjing Pharmaceuticals, Inc.",https://api.fda.gov/drug/ndc.json?search=generic_name%3A%22insulin+degludec%22&limit=100
54568-739-40,"Insulin lispro (Insulin lispro) Insulin Lispro 100 [iU]/mL [Injection, Suspension] – 1 BOX in 1 BOX (54568-739-40)  / 30 BOX in 1 BOX / 330 CARTRIDGE in 1 BOX / 3 mL in 1 CARTRIDGE",,Eli Lilly Italia SPA,https://api.fda.gov/drug/ndc.json?search=generic_name%3A%22insulin+lispro%22&limit=100
54568-751-60,"Insulin lispro (Insulin lispro) Insulin Lispro 100 [iU]/mL [Injection, Solution] – 30 BOX in 1 BOX (54568-751-60)  / 330 CARTRIDGE in 1 BOX / 3 mL in 1 CARTRIDGE",,Eli Lilly Italia SPA,https://api.fda.gov/drug/ndc.json?search=generic_name%3A%22insulin+lispro%22&limit=100
54568-766-10,"Insulin glargine (Insulin glargine) Insulin Glargine 100 U/mL [Injection, Solution] – 1 BOX in 1 BOX (54568-766-10)  / 30 BOX in 1 BOX / 330 CARTRIDGE in 1 BOX / 3 mL in 1 CARTRIDGE",,Eli Lilly Italia SPA,https://api.fda.gov/drug/ndc.json?search=generic_name%3A%22insulin+glargine%22&limit=100
62381-7393-0,"Insulin lispro (Insulin lispro) Insulin Lispro 100 [iU]/mL [Injection, Suspension] – 30 TRAY in 1 TRAY (62381-7393-0)  / 330 CARTRIDGE in 1 TRAY / 3 mL in 1 CARTRIDGE",,Lilly France,https://api.fda.gov/drug/ndc.json?search=generic_name%3A%22insulin+lispro%22&limit=100
62381-7393-1,"Insulin lispro (Insulin lispro) Insulin Lispro 100 [iU]/mL [Injection, Suspension] – 30 CARTON in 1 TRAY (62381-7393-1)  / 330 CARTRIDGE in 1 CARTON / 3 mL in 1 CARTRIDGE",,Lilly France,https://api.fda.gov/drug/ndc.json?search=generic_name%3A%22insulin+lispro%22&limit=100
62381-7393-2,"Insulin lispro (Insulin lispro) Insulin Lispro 100 [iU]/mL [Injection, Suspension] – 30 CARTON in 1 TRAY (62381-7393-2)  / 330 CARTRIDGE in 1 CARTON / 3 mL in 1 CARTRIDGE",,Lilly France,https://api.fda.gov/drug/ndc.json?search=generic_name%3A%22insulin+lispro%22&limit=100
62381-7393-3,"Insulin lispro (Insulin lispro) Insulin Lispro 100 [iU]/mL [Injection, Suspension] – 30 CARTON in 1 TRAY (62381-7393-3)  / 330 CARTRIDGE in 1 CARTON / 3 mL in 1 CARTRIDGE",,Lilly France,https://api.fda.gov/drug/ndc.json?search=generic_name%3A%22insulin+lispro%22&limit=100
62381-7393-4,"Insulin lispro (Insulin lispro) Insulin Lispro 100 [iU]/mL [Injection, Suspension] – 30 CARTON in 1 TRAY (62381-7393-4)  / 330 CARTRIDGE in 1 CARTON / 3 mL in 1 CARTRIDGE",,Lilly France,https://api.fda.gov/drug/ndc.json?search=generic_name%3A%22insulin+lispro%22&limit=100
62381-7393-5,"Insulin lispro (Insulin lispro) Insulin Lispro 100 [iU]/mL [Injection, Suspension] – 30 CARTON in 1 TRAY (62381-7393-5)  / 330 CARTRIDGE in 1 CARTON / 3 mL in 1 CARTRIDGE",,Lilly France,https://api.fda.gov/drug/ndc.json?search=generic_name%3A%22insulin+lispro%22&limit=100
62381-7393-7,"Insulin lispro (Insulin lispro) Insulin Lispro 100 [iU]/mL [Injection, Suspension] – 30 CARTON in 1 TRAY (62381-7393-7)  / 330 CARTRIDGE in 1 CARTON / 3 mL in 1 CARTRIDGE",,Lilly France,https://api.fda.gov/drug/ndc.json?search=generic_name%3A%22insulin+lispro%22&limit=100
62381-7393-8,"Insulin lispro (Insulin lispro) Insulin Lispro 100 [iU]/mL [Injection, Suspension] – 30 CARTON in 1 TRAY (62381-7393-8)  / 330 CARTRIDGE in 1 CARTON / 3 mL in 1 CARTRIDGE",,Lilly France,https://api.fda.gov/drug/ndc.json?search=generic_name%3A%22insulin+lispro%22&limit=100
62381-7393-9,"Insulin lispro (Insulin lispro) Insulin Lispro 100 [iU]/mL [Injection, Suspension] – 30 CARTON in 1 TRAY (62381-7393-9)  / 330 CARTRIDGE in 1 CARTON / 3 mL in 1 CARTRIDGE",,Lilly France,https://api.fda.gov/drug/ndc.json?search=generic_name%3A%22insulin+lispro%22&limit=100
62381-7394-1,"Insulin lispro (Insulin lispro) Insulin Lispro 100 [iU]/mL [Injection, Suspension] – 30 CARTON in 1 TRAY (62381-7394-1)  / 330 CARTRIDGE in 1 CARTON / 3 mL in 1 CARTRIDGE",,Lilly France,https://api.fda.gov/drug/ndc.json?search=generic_name%3A%22insulin+lispro%22&limit=100
62381-7394-2,"Insulin lispro (Insulin lispro) Insulin Lispro 100 [iU]/mL [Injection, Suspension] – 30 CARTON in 1 TRAY (62381-7394-2)  / 330 CARTRIDGE in 1 CARTON / 3 mL in 1 CARTRIDGE",,Lilly France,https://api.fda.gov/drug/ndc.json?search=generic_name%3A%22insulin+lispro%22&limit=100
62381-7394-3,"Insulin lispro (Insulin lispro) Insulin Lispro 100 [iU]/mL [Injection, Suspension] – 30 CARTON in 1 TRAY (62381-7394-3)  / 330 CARTRIDGE in 1 CARTON / 3 mL in 1 CARTRIDGE",,Lilly France,https://api.fda.gov/drug/ndc.json?search=generic_name%3A%22insulin+lispro%22&limit=100
62381-7394-4,"Insulin lispro (Insulin lispro) Insulin Lispro 100 [iU]/mL [Injection, Suspension] – 30 CARTON in 1 TRAY (62381-7394-4)  / 330 CARTRIDGE in 1 CARTON / 3 mL in 1 CARTRIDGE",,Lilly France,https://api.fda.gov/drug/ndc.json?search=generic_name%3A%22insulin+lispro%22&limit=100
62381-7394-5,"Insulin lispro (Insulin lispro) Insulin Lispro 100 [iU]/mL [Injection, Suspension] – 30 CARTON in 1 TRAY (62381-7394-5)  / 330 CARTRIDGE in 1 CARTON / 3 mL in 1 CARTRIDGE",,Lilly France,https://api.fda.gov/drug/ndc.json?search=generic_name%3A%22insulin+lispro%22&limit=100
62381-7394-6,"Insulin lispro (Insulin lispro) Insulin Lispro 100 [iU]/mL [Injection, Suspension] – 30 CARTON in 1 TRAY (62381-7394-6)  / 330 CARTRIDGE in 1 CARTON / 3 mL in 1 CARTRIDGE",,Lilly France,https://api.fda.gov/drug/ndc.json?search=generic_name%3A%22insulin+lispro%22&limit=100
62381-7394-7,"Insulin lispro (Insulin lispro) Insulin Lispro 100 [iU]/mL [Injection, Suspension] – 30 CARTON in 1 TRAY (62381-7394-7)  / 330 CARTRIDGE in 1 CARTON / 3 mL in 1 CARTRIDGE",,Lilly France,https://api.fda.gov/drug/ndc.json?search=generic_name%3A%22insulin+lispro%22&limit=100
62381-7394-8,"Insulin lispro (Insulin lispro) Insulin Lispro 100 [iU]/mL [Injection, Suspension] – 30 CARTON in 1 TRAY (62381-7394-8)  / 330 CARTRIDGE in 1 CARTON / 3 mL in 1 CARTRIDGE",,Lilly France,https://api.fda.gov/drug/ndc.json?search=generic_name%3A%22insulin+lispro%22&limit=100
62381-7394-9,"Insulin lispro (Insulin lispro) Insulin Lispro 100 [iU]/mL [Injection, Suspension] – 30 CARTON in 1 TRAY (62381-7394-9)  / 330 CARTRIDGE in 1 CARTON / 3 mL in 1 CARTRIDGE",,Lilly France,https://api.fda.gov/drug/ndc.json?search=generic_name%3A%22insulin+lispro%22&limit=100
62381-7516-1,"Insulin lispro (Insulin lispro) Insulin Lispro 100 [iU]/mL [Injection, Solution] – 30 CARTON in 1 TRAY (62381-7516-1)  / 330 CARTRIDGE in 1 CARTON / 3 mL in 1 CARTRIDGE",,Lilly France,https://api.fda.gov/drug/ndc.json?search=generic_name%3A%22insulin+lispro%22&limit=100
62381-7516-2,"Insulin lispro (Insulin lispro) Insulin Lispro 100 [iU]/mL [Injection, Solution] – 30 CARTON in 1 TRAY (62381-7516-2)  / 330 CARTRIDGE in 1 CARTON / 3 mL in 1 CARTRIDGE",,Lilly France,https://api.fda.gov/drug/ndc.json?search=generic_name%3A%22insulin+lispro%22&limit=100
62381-7516-3,"Insulin lispro (Insulin lispro) Insulin Lispro 100 [iU]/mL [Injection, Solution] – 30 CARTON in 1 TRAY (62381-7516-3)  / 330 CARTRIDGE in 1 CARTON / 3 mL in 1 CARTRIDGE",,Lilly France,https://api.fda.gov/drug/ndc.json?search=generic_name%3A%22insulin+lispro%22&limit=100
62381-7516-4,"Insulin lispro (Insulin lispro) Insulin Lispro 100 [iU]/mL [Injection, Solution] – 30 CARTON in 1 TRAY (62381-7516-4)  / 330 CARTRIDGE in 1 CARTON / 3 mL in 1 CARTRIDGE",,Lilly France,https://api.fda.gov/drug/ndc.json?search=generic_name%3A%22insulin+lispro%22&limit=100
62381-7516-9,"Insulin lispro (Insulin lispro) Insulin Lispro 100 [iU]/mL [Injection, Solution] – 30 CARTON in 1 TRAY (62381-7516-9)  / 330 CARTRIDGE in 1 CARTON / 3 mL in 1 CARTRIDGE",,Lilly France,https://api.fda.gov/drug/ndc.json?search=generic_name%3A%22insulin+lispro%22&limit=100
62381-7525-9,"Insulin lispro (Insulin lispro) Insulin Lispro 100 [iU]/mL [Injection, Suspension] – 30 TRAY in 1 TRAY (62381-7525-9)  / 330 CARTRIDGE in 1 TRAY / 3 mL in 1 CARTRIDGE",,Lilly France,https://api.fda.gov/drug/ndc.json?search=generic_name%3A%22insulin+lispro%22&limit=100
62381-7661-1,"Insulin glargine (Insulin glargine) Insulin Glargine 100 U/mL [Injection, Solution] – 30 CARTON in 1 TRAY (62381-7661-1)  / 330 CARTRIDGE in 1 CARTON / 3 mL in 1 CARTRIDGE",,Lilly France,https://api.fda.gov/drug/ndc.json?search=generic_name%3A%22insulin+glargine%22&limit=100
62381-7661-2,"Insulin glargine (Insulin glargine) Insulin Glargine 100 U/mL [Injection, Solution] – 30 CARTON in 1 TRAY (62381-7661-2)  / 330 CARTRIDGE in 1 CARTON / 3 mL in 1 CARTRIDGE",,Lilly France,https://api.fda.gov/drug/ndc.json?search=generic_name%3A%22insulin+glargine%22&limit=100
62381-7661-3,"Insulin glargine (Insulin glargine) Insulin Glargine 100 U/mL [Injection, Solution] – 30 CARTON in 1 TRAY (62381-7661-3)  / 330 CARTRIDGE in 1 CARTON / 3 mL in 1 CARTRIDGE",,Lilly France,https://api.fda.gov/drug/ndc.json?search=generic_name%3A%22insulin+glargine%22&limit=100
62381-7661-4,"Insulin glargine (Insulin glargine) Insulin Glargine 100 U/mL [Injection, Solution] – 30 CARTON in 1 TRAY (62381-7661-4)  / 330 CARTRIDGE in 1 CARTON / 3 mL in 1 CARTRIDGE",,Lilly France,https://api.fda.gov/drug/ndc.json?search=generic_name%3A%22insulin+glargine%22&limit=100
62381-7661-5,"Insulin glargine (Insulin glargine) Insulin Glargine 100 U/mL [Injection, Solution] – 30 CARTON in 1 TRAY (62381-7661-5)  / 330 CARTRIDGE in 1 CARTON / 3 mL in 1 CARTRIDGE",,Lilly France,https://api.fda.gov/drug/ndc.json?search=generic_name%3A%22insulin+glargine%22&limit=100
62381-7661-6,"Insulin glargine (Insulin glargine) Insulin Glargine 100 U/mL [Injection, Solution] – 30 CARTON in 1 TRAY (62381-7661-6)  / 330 CARTRIDGE in 1 CARTON / 3 mL in 1 CARTRIDGE",,Lilly France,https://api.fda.gov/drug/ndc.json?search=generic_name%3A%22insulin+glargine%22&limit=100
62381-7661-7,"Insulin glargine (Insulin glargine) Insulin Glargine 100 U/mL [Injection, Solution] – 30 TRAY in 1 TRAY (62381-7661-7)  / 330 CARTRIDGE in 1 TRAY / 3 mL in 1 CARTRIDGE",,Lilly France,https://api.fda.gov/drug/ndc.json?search=generic_name%3A%22insulin+glargine%22&limit=100
62381-7662-4,"Insulin lispro (Insulin lispro) Insulin Lispro 200 [iU]/mL [Injection, Solution] – 30 TRAY in 1 TRAY (62381-7662-4)  / 330 CARTRIDGE in 1 TRAY / 3 mL in 1 CARTRIDGE",,Lilly France,https://api.fda.gov/drug/ndc.json?search=generic_name%3A%22insulin+lispro%22&limit=100
62381-7662-5,"Insulin lispro (Insulin lispro) Insulin Lispro 200 [iU]/mL [Injection, Solution] – 30 CARTON in 1 TRAY (62381-7662-5)  / 330 CARTRIDGE in 1 CARTON / 3 mL in 1 CARTRIDGE",,Lilly France,https://api.fda.gov/drug/ndc.json?search=generic_name%3A%22insulin+lispro%22&limit=100
62381-7662-6,"Insulin lispro (Insulin lispro) Insulin Lispro 200 [iU]/mL [Injection, Solution] – 30 CARTON in 1 TRAY (62381-7662-6)  / 330 CARTRIDGE in 1 CARTON / 3 mL in 1 CARTRIDGE",,Lilly France,https://api.fda.gov/drug/ndc.json?search=generic_name%3A%22insulin+lispro%22&limit=100
62381-7662-7,"Insulin lispro (Insulin lispro) Insulin Lispro 200 [iU]/mL [Injection, Solution] – 30 CARTON in 1 TRAY (62381-7662-7)  / 330 CARTRIDGE in 1 CARTON / 3 mL in 1 CARTRIDGE",,Lilly France,https://api.fda.gov/drug/ndc.json?search=generic_name%3A%22insulin+lispro%22&limit=100
62381-9516-2,"Insulin lispro (Insulin lispro) Insulin Lispro 100 [iU]/mL [Injection, Solution] – 30 CARTON in 1 TRAY (62381-9516-2)  / 330 CARTRIDGE in 1 CARTON / 3 mL in 1 CARTRIDGE",,Lilly France,https://api.fda.gov/drug/ndc.json?search=generic_name%3A%22insulin+lispro%22&limit=100
62381-9516-3,"Insulin lispro (Insulin lispro) Insulin Lispro 100 [iU]/mL [Injection, Solution] – 30 TRAY in 1 TRAY (62381-9516-3)  / 330 CARTRIDGE in 1 TRAY / 3 mL in 1 CARTRIDGE",,Lilly France,https://api.fda.gov/drug/ndc.json?search=generic_name%3A%22insulin+lispro%22&limit=100
62381-9516-6,"Insulin lispro (Insulin lispro) Insulin Lispro 100 [iU]/mL [Injection, Solution] – 30 CARTON in 1 TRAY (62381-9516-6)  / 330 CARTRIDGE in 1 CARTON / 3 mL in 1 CARTRIDGE",,Lilly France,https://api.fda.gov/drug/ndc.json?search=generic_name%3A%22insulin+lispro%22&limit=100
62381-9516-7,"Insulin lispro (Insulin lispro) Insulin Lispro 100 [iU]/mL [Injection, Solution] – 30 CARTON in 1 TRAY (62381-9516-7)  / 330 CARTRIDGE in 1 CARTON / 3 mL in 1 CARTRIDGE",,Lilly France,https://api.fda.gov/drug/ndc.json?search=generic_name%3A%22insulin+lispro%22&limit=100
62381-9516-8,"Insulin lispro (Insulin lispro) Insulin Lispro 100 [iU]/mL [Injection, Solution] – 30 CARTON in 1 TRAY (62381-9516-8)  / 330 CARTRIDGE in 1 CARTON / 3 mL in 1 CARTRIDGE",,Lilly France,https://api.fda.gov/drug/ndc.json?search=generic_name%3A%22insulin+lispro%22&limit=100
62381-9516-9,"Insulin lispro (Insulin lispro) Insulin Lispro 100 [iU]/mL [Injection, Solution] – 30 CARTON in 1 TRAY (62381-9516-9)  / 330 CARTRIDGE in 1 CARTON / 3 mL in 1 CARTRIDGE",,Lilly France,https://api.fda.gov/drug/ndc.json?search=generic_name%3A%22insulin+lispro%22&limit=100
85827-201-01,insulin detemir (insulin detemir) Insulin Detemir 1 g/g [Powder] – 100 g in 1 BAG (85827-201-01),,"Virtu Pharmako (Zhejiang) Co., Ltd.",https://api.fda.gov/drug/ndc.json?search=generic_name%3A%22insulin+detemir%22&limit=100
85827-201-02,insulin detemir (insulin detemir) Insulin Detemir 1 g/g [Powder] – 200 g in 1 BAG (85827-201-02),,"Virtu Pharmako (Zhejiang) Co., Ltd.",https://api.fda.gov/drug/ndc.json?search=generic_name%3A%22insulin+detemir%22&limit=100
85827-201-03,insulin detemir (insulin detemir) Insulin Detemir 1 g/g [Powder] – 500 g in 1 BAG (85827-201-03),,"Virtu Pharmako (Zhejiang) Co., Ltd.",https://api.fda.gov/drug/ndc.json?search=generic_name%3A%22insulin+detemir%22&limit=100
85827-203-01,insulin aspart (insulin aspart) Insulin Aspart 1 g/g [Powder] – 100 g in 1 BAG (85827-203-01),,"Virtu Pharmako (Zhejiang) Co., Ltd.",https://api.fda.gov/drug/ndc.json?search=generic_name%3A%22insulin+aspart%22&limit=100
85827-203-02,insulin aspart (insulin aspart) Insulin Aspart 1 g/g [Powder] – 200 g in 1 BAG (85827-203-02),,"Virtu Pharmako (Zhejiang) Co., Ltd.",https://api.fda.gov/drug/ndc.json?search=generic_name%3A%22insulin+aspart%22&limit=100
85827-203-03,insulin aspart (insulin aspart) Insulin Aspart 1 g/g [Powder] – 500 g in 1 BAG (85827-203-03),,"Virtu Pharmako (Zhejiang) Co., Ltd.",https://api.fda.gov/drug/ndc.json?search=generic_name%3A%22insulin+aspart%22&limit=100
85827-203-04,insulin aspart (insulin aspart) Insulin Aspart 1 g/g [Powder] – 1000 g in 1 BAG (85827-203-04),,"Virtu Pharmako (Zhejiang) Co., Ltd.",https://api.fda.gov/drug/ndc.json?search=generic_name%3A%22insulin+aspart%22&limit=100
85827-203-05,insulin aspart (insulin aspart) Insulin Aspart 1 g/g [Powder] – 3000 g in 1 BAG (85827-203-05),,"Virtu Pharmako (Zhejiang) Co., Ltd.",https://api.fda.gov/drug/ndc.json?search=generic_name%3A%22insulin+aspart%22&limit=100
85827-204-01,insulin glargine (insulin glargine) Insulin Glargine 1 g/g [Powder] – 100 g in 1 BAG (85827-204-01),,"Virtu Pharmako (Zhejiang) Co., Ltd.",https://api.fda.gov/drug/ndc.json?search=generic_name%3A%22insulin+glargine%22&limit=100
85827-204-02,insulin glargine (insulin glargine) Insulin Glargine 1 g/g [Powder] – 200 g in 1 BAG (85827-204-02),,"Virtu Pharmako (Zhejiang) Co., Ltd.",https://api.fda.gov/drug/ndc.json?search=generic_name%3A%22insulin+glargine%22&limit=100
85827-204-03,insulin glargine (insulin glargine) Insulin Glargine 1 g/g [Powder] – 500 g in 1 BAG (85827-204-03),,"Virtu Pharmako (Zhejiang) Co., Ltd.",https://api.fda.gov/drug/ndc.json?search=generic_name%3A%22insulin+glargine%22&limit=100
85827-204-04,insulin glargine (insulin glargine) Insulin Glargine 1 g/g [Powder] – 1000 g in 1 BAG (85827-204-04),,"Virtu Pharmako (Zhejiang) Co., Ltd.",https://api.fda.gov/drug/ndc.json?search=generic_name%3A%22insulin+glargine%22&limit=100
85827-204-05,insulin glargine (insulin glargine) Insulin Glargine 1 g/g [Powder] – 3000 g in 1 BAG (85827-204-05),,"Virtu Pharmako (Zhejiang) Co., Ltd.",https://api.fda.gov/drug/ndc.json?search=generic_name%3A%22insulin+glargine%22&limit=100
85893-002-01,Insulin glargine (Insulin glargine) Insulin Glargine 100 g/100g [Powder] – 100 g in 1 BOTTLE (85893-002-01),,"Hefei Xinzhu Biological Technology Co., Ltd.",https://api.fda.gov/drug/ndc.json?search=generic_name%3A%22insulin+glargine%22&limit=100
85893-003-01,Insulin Degludec (Insulin Degludec) Insulin Degludec 100 g/100g [Powder] – 100 g in 1 BOTTLE (85893-003-01),,"Hefei Xinzhu Biological Technology Co., Ltd.",https://api.fda.gov/drug/ndc.json?search=generic_name%3A%22insulin+degludec%22&limit=100
85893-009-01,Insulin Aspart (Insulin Aspart) Insulin Aspart 100 g/100g [Powder] – 100 g in 1 BOTTLE (85893-009-01),,"Hefei Xinzhu Biological Technology Co., Ltd.",https://api.fda.gov/drug/ndc.json?search=generic_name%3A%22insulin+aspart%22&limit=100
50090-4959-0,".Insulin Aspart Protamine and Insulin Aspart Insulin Aspart 100 [iU]/mL [Injection, Suspension] – 5 SYRINGE, PLASTIC in 1 CARTON (50090-4959-0)  / 3 mL in 1 SYRINGE, PLASTIC",.Insulin Aspart Protamine and Insulin Aspart,A-S Medication Solutions,https://api.fda.gov/drug/ndc.json?search=generic_name%3A%22insulin+aspart%22&limit=100
0024-5924-10,"ADMELOG (insulin lispro) Insulin Lispro 100 U/mL [Injection, Solution] – 1 VIAL, MULTI-DOSE in 1 CARTON (0024-5924-10)  / 10 mL in 1 VIAL, MULTI-DOSE",ADMELOG,Sanofi-Aventis U.S. LLC,https://api.fda.gov/drug/ndc.json?search=generic_name%3A%22insulin+lispro%22&limit=100
0024-5925-05,"ADMELOG (insulin lispro) Insulin Lispro 100 U/mL [Injection, Solution] – 5 SYRINGE in 1 CARTON (0024-5925-05)  / 3 mL in 1 SYRINGE (0024-5925-01)",ADMELOG,Sanofi-Aventis U.S. LLC,https://api.fda.gov/drug/ndc.json?search=generic_name%3A%22insulin+lispro%22&limit=100
0024-5926-05,"ADMELOG (insulin lispro) Insulin Lispro 100 U/mL [Injection, Solution] – 1 VIAL in 1 CARTON (0024-5926-05)  / 3 mL in 1 VIAL",ADMELOG,Sanofi-Aventis U.S. LLC,https://api.fda.gov/drug/ndc.json?search=generic_name%3A%22insulin+lispro%22&limit=100
70518-4275-0,"ADMELOG (insulin lispro) Insulin Lispro 100 U/mL [Injection, Solution] – 5 SYRINGE in 1 CARTON (70518-4275-0)  / 3 mL in 1 SYRINGE",ADMELOG,REMEDYREPACK INC.,https://api.fda.gov/drug/ndc.json?search=generic_name%3A%22insulin+lispro%22&limit=100
0002-7715-59,"BASAGLAR KwikPen (Insulin glargine) Insulin Glargine 100 [iU]/mL [Injection, Solution] – 5 SYRINGE in 1 CARTON (0002-7715-59)  / 3 mL in 1 SYRINGE (0002-7715-01)",BASAGLAR KwikPen,Eli Lilly and Company,https://api.fda.gov/drug/ndc.json?search=brand_name%3A%22Basaglar%22&limit=100
0169-3201-11,"Fiasp (insulin aspart injection) Insulin Aspart 100 [iU]/mL [Injection, Solution] – 1 VIAL, GLASS in 1 CARTON (0169-3201-11)  / 10 mL in 1 VIAL, GLASS",Fiasp,Novo Nordisk,https://api.fda.gov/drug/ndc.json?search=brand_name%3A%22Fiasp%22&limit=100
0169-3204-15,"Fiasp (insulin aspart injection) Insulin Aspart 100 [iU]/mL [Injection, Solution] – 5 SYRINGE, PLASTIC in 1 CARTON (0169-3204-15)  / 3 mL in 1 SYRINGE, PLASTIC",Fiasp,Novo Nordisk,https://api.fda.gov/drug/ndc.json?search=brand_name%3A%22Fiasp%22&limit=100
0169-3205-15,"Fiasp (insulin aspart injection) Insulin Aspart 100 [iU]/mL [Injection, Solution] – 5 CARTRIDGE in 1 CARTON (0169-3205-15)  / 3 mL in 1 CARTRIDGE (0169-3205-11)",Fiasp,Novo Nordisk,https://api.fda.gov/drug/ndc.json?search=brand_name%3A%22Fiasp%22&limit=100
0169-3206-15,"Fiasp (insulin aspart) Insulin Aspart 100 [iU]/mL [Injection, Solution] – 5 CARTRIDGE in 1 CARTON (0169-3206-15)  / 1.6 mL in 1 CARTRIDGE (0169-3206-11)",Fiasp,Novo Nordisk,https://api.fda.gov/drug/ndc.json?search=brand_name%3A%22Fiasp%22&limit=100
71288-903-81,"Garzulys (insulin aspart-fsan) Insulin Aspart 100 [iU]/mL [Injection, Solution] – 5 SYRINGE, PLASTIC in 1 CARTON (71288-903-81)  / 3 mL in 1 SYRINGE, PLASTIC (71288-903-80)",Garzulys,Meitheal Pharmaceuticals Inc.,https://api.fda.gov/drug/ndc.json?search=generic_name%3A%22insulin+aspart%22&limit=100
71288-904-10,"Garzulys (insulin aspart-fsan) Insulin Aspart 100 [iU]/mL [Injection, Solution] – 1 VIAL, GLASS in 1 CARTON (71288-904-10)  / 10 mL in 1 VIAL, GLASS",Garzulys,Meitheal Pharmaceuticals Inc.,https://api.fda.gov/drug/ndc.json?search=generic_name%3A%22insulin+aspart%22&limit=100
0002-7510-01,"Humalog (Insulin lispro) Insulin Lispro 100 [iU]/mL [Injection, Solution] – 1 VIAL in 1 CARTON (0002-7510-01)  / 10 mL in 1 VIAL",Humalog,Eli Lilly and Company,https://api.fda.gov/drug/ndc.json?search=brand_name%3A%22Humalog%22&limit=100
0002-7516-59,"Humalog (Insulin lispro) Insulin Lispro 100 [iU]/mL [Injection, Solution] – 5 CARTRIDGE in 1 CARTON (0002-7516-59)  / 3 mL in 1 CARTRIDGE (0002-7516-01)",Humalog,Eli Lilly and Company,https://api.fda.gov/drug/ndc.json?search=brand_name%3A%22Humalog%22&limit=100
50090-1375-0,"HUMALOG (Insulin lispro) Insulin Lispro 100 [iU]/mL [Injection, Solution] – 1 VIAL in 1 CARTON (50090-1375-0)  / 10 mL in 1 VIAL",HUMALOG,A-S Medication Solutions,https://api.fda.gov/drug/ndc.json?search=brand_name%3A%22Humalog%22&limit=100
50090-4488-0,"HUMALOG (Insulin lispro) Insulin Lispro 100 [iU]/mL [Injection, Solution] – 1 VIAL in 1 CARTON (50090-4488-0)  / 10 mL in 1 VIAL",HUMALOG,A-S Medication Solutions,https://api.fda.gov/drug/ndc.json?search=brand_name%3A%22Humalog%22&limit=100
0002-7714-59,"Humalog Junior KwikPen (Insulin lispro) Insulin Lispro 100 [iU]/mL [Injection, Solution] – 5 SYRINGE in 1 CARTON (0002-7714-59)  / 3 mL in 1 SYRINGE (0002-7714-01)",Humalog Junior KwikPen,Eli Lilly and Company,https://api.fda.gov/drug/ndc.json?search=brand_name%3A%22Humalog%22&limit=100
0002-7712-27,"Humalog KwikPen (Insulin lispro) Insulin Lispro 200 [iU]/mL [Injection, Solution] – 2 SYRINGE in 1 CARTON (0002-7712-27)  / 3 mL in 1 SYRINGE (0002-7712-01)",Humalog KwikPen,Eli Lilly and Company,https://api.fda.gov/drug/ndc.json?search=brand_name%3A%22Humalog%22&limit=100
0002-8799-59,"Humalog KwikPen (Insulin lispro) Insulin Lispro 100 [iU]/mL [Injection, Solution] – 5 SYRINGE in 1 CARTON (0002-8799-59)  / 3 mL in 1 SYRINGE (0002-8799-01)",Humalog KwikPen,Eli Lilly and Company,https://api.fda.gov/drug/ndc.json?search=brand_name%3A%22Humalog%22&limit=100
50090-1663-0,"Humalog KwikPen (Insulin lispro) Insulin Lispro 100 [iU]/mL [Injection, Solution] – 5 SYRINGE in 1 CARTON (50090-1663-0)  / 3 mL in 1 SYRINGE",Humalog KwikPen,A-S Medication Solutions,https://api.fda.gov/drug/ndc.json?search=brand_name%3A%22Humalog%22&limit=100
50090-4073-0,"Humalog KwikPen (Insulin lispro) Insulin Lispro 100 [iU]/mL [Injection, Solution] – 5 SYRINGE in 1 CARTON (50090-4073-0)  / 3 mL in 1 SYRINGE",Humalog KwikPen,A-S Medication Solutions,https://api.fda.gov/drug/ndc.json?search=brand_name%3A%22Humalog%22&limit=100
0002-8798-59,"Humalog Mix50/50 KwikPen (Insulin lispro) Insulin Lispro 100 [iU]/mL [Injection, Suspension] – 5 SYRINGE in 1 CARTON (0002-8798-59)  / 3 mL in 1 SYRINGE (0002-8798-01)",Humalog Mix50/50 KwikPen,Eli Lilly and Company,https://api.fda.gov/drug/ndc.json?search=brand_name%3A%22Humalog%22&limit=100
0002-7511-01,"Humalog Mix75/25 (Insulin lispro) Insulin Lispro 100 [iU]/mL [Injection, Suspension] – 1 VIAL, MULTI-DOSE in 1 CARTON (0002-7511-01)  / 10 mL in 1 VIAL, MULTI-DOSE",Humalog Mix75/25,Eli Lilly and Company,https://api.fda.gov/drug/ndc.json?search=brand_name%3A%22Humalog%22&limit=100
0002-8797-59,"Humalog Mix75/25 KwikPen (Insulin lispro) Insulin Lispro 100 [iU]/mL [Injection, Suspension] – 5 SYRINGE in 1 CARTON (0002-8797-59)  / 3 mL in 1 SYRINGE (0002-8797-01)",Humalog Mix75/25 KwikPen,Eli Lilly and Company,https://api.fda.gov/drug/ndc.json?search=brand_name%3A%22Humalog%22&limit=100
0002-8213-05,"Humalog Tempo Pen (Insulin lispro) Insulin Lispro 100 [iU]/mL [Injection, Solution] – 5 SYRINGE in 1 CARTON (0002-8213-05)  / 3 mL in 1 SYRINGE (0002-8213-01)",Humalog Tempo Pen,Eli Lilly and Company,https://api.fda.gov/drug/ndc.json?search=brand_name%3A%22Humalog%22&limit=100
0002-8715-01,"Humulin 70/30 (Insulin human) Insulin Human 100 [iU]/mL [Injection, Suspension] – 1 VIAL, MULTI-DOSE in 1 CARTON (0002-8715-01)  / 10 mL in 1 VIAL, MULTI-DOSE",Humulin 70/30,Eli Lilly and Company,https://api.fda.gov/drug/ndc.json?search=brand_name%3A%22Humulin%22&limit=100
0002-8803-59,"Humulin 70/30 KwikPen (Insulin human) Insulin Human 100 [iU]/mL [Injection, Suspension] – 5 SYRINGE in 1 CARTON (0002-8803-59)  / 3 mL in 1 SYRINGE (0002-8803-01)",Humulin 70/30 KwikPen,Eli Lilly and Company,https://api.fda.gov/drug/ndc.json?search=brand_name%3A%22Humulin%22&limit=100
0002-8315-01,"Humulin N (Insulin human) Insulin Human 100 [iU]/mL [Injection, Suspension] – 1 VIAL, MULTI-DOSE in 1 CARTON (0002-8315-01)  / 10 mL in 1 VIAL, MULTI-DOSE",Humulin N,Eli Lilly and Company,https://api.fda.gov/drug/ndc.json?search=brand_name%3A%22Humulin%22&limit=100
0002-8805-59,"Humulin N (Insulin human) Insulin Human 100 [iU]/mL [Injection, Suspension] – 5 SYRINGE in 1 CARTON (0002-8805-59)  / 3 mL in 1 SYRINGE (0002-8805-01)",Humulin N,Eli Lilly and Company,https://api.fda.gov/drug/ndc.json?search=brand_name%3A%22Humulin%22&limit=100
0002-0213-01,"Humulin R (Insulin human) Insulin Human 100 [iU]/mL [Injection, Solution] – 1 VIAL, MULTI-DOSE in 1 CARTON (0002-0213-01)  / 3 mL in 1 VIAL, MULTI-DOSE",Humulin R,Eli Lilly and Company,https://api.fda.gov/drug/ndc.json?search=brand_name%3A%22Humulin%22&limit=100
0002-8215-01,"Humulin R (Insulin human) Insulin Human 100 [iU]/mL [Injection, Solution] – 1 VIAL, MULTI-DOSE in 1 CARTON (0002-8215-01)  / 10 mL in 1 VIAL, MULTI-DOSE",Humulin R,Eli Lilly and Company,https://api.fda.gov/drug/ndc.json?search=brand_name%3A%22Humulin%22&limit=100
50090-0353-0,"HUMULIN R (Insulin human) Insulin Human 100 [iU]/mL [Injection, Solution] – 1 VIAL in 1 CARTON (50090-0353-0)  / 10 mL in 1 VIAL",HUMULIN R,A-S Medication Solutions,https://api.fda.gov/drug/ndc.json?search=brand_name%3A%22Humulin%22&limit=100
0002-8824-27,"Humulin R U-500 KwikPen (Insulin human) Insulin Human 500 [iU]/mL [Injection, Solution] – 2 SYRINGE in 1 CARTON (0002-8824-27)  / 3 mL in 1 SYRINGE",Humulin R U-500 KwikPen,Eli Lilly and Company,https://api.fda.gov/drug/ndc.json?search=brand_name%3A%22Humulin%22&limit=100
50090-4955-0,"Insulin Aspart Insulin Aspart 100 [iU]/mL [Injection, Solution] – 1 VIAL, GLASS in 1 CARTON (50090-4955-0)  / 10 mL in 1 VIAL, GLASS",Insulin Aspart,A-S Medication Solutions,https://api.fda.gov/drug/ndc.json?search=generic_name%3A%22insulin+aspart%22&limit=100
50090-4956-0,"Insulin Aspart Insulin Aspart 100 [iU]/mL [Injection, Solution] – 5 SYRINGE, PLASTIC in 1 CARTON (50090-4956-0)  / 3 mL in 1 SYRINGE, PLASTIC",Insulin Aspart,A-S Medication Solutions,https://api.fda.gov/drug/ndc.json?search=generic_name%3A%22insulin+aspart%22&limit=100
70518-3865-0,"Insulin Aspart Insulin Aspart 100 [iU]/mL [Injection, Solution] – 5 SYRINGE, PLASTIC in 1 CARTON (70518-3865-0)  / 3 mL in 1 SYRINGE, PLASTIC",Insulin Aspart,REMEDYREPACK INC.,https://api.fda.gov/drug/ndc.json?search=generic_name%3A%22insulin+aspart%22&limit=100
73070-100-11,"Insulin Aspart Insulin Aspart 100 [iU]/mL [Injection, Solution] – 1 VIAL, GLASS in 1 CARTON (73070-100-11)  / 10 mL in 1 VIAL, GLASS",Insulin Aspart,"Novo Nordisk Pharma, Inc.",https://api.fda.gov/drug/ndc.json?search=generic_name%3A%22insulin+aspart%22&limit=100
73070-102-15,"Insulin Aspart Insulin Aspart 100 [iU]/mL [Injection, Solution] – 5 CARTRIDGE in 1 CARTON (73070-102-15)  / 3 mL in 1 CARTRIDGE (73070-102-10)",Insulin Aspart,"Novo Nordisk Pharma, Inc.",https://api.fda.gov/drug/ndc.json?search=generic_name%3A%22insulin+aspart%22&limit=100
73070-103-15,"Insulin Aspart Insulin Aspart 100 [iU]/mL [Injection, Solution] – 5 SYRINGE, PLASTIC in 1 CARTON (73070-103-15)  / 3 mL in 1 SYRINGE, PLASTIC (73070-103-10)",Insulin Aspart,"Novo Nordisk Pharma, Inc.",https://api.fda.gov/drug/ndc.json?search=generic_name%3A%22insulin+aspart%22&limit=100
70518-3236-0,"Insulin Aspart Protamine and Insulin Aspart Mix 70/30 Insulin Aspart 100 [iU]/mL [Injection, Suspension] – 5 SYRINGE, PLASTIC in 1 CARTON (70518-3236-0)  / 3 mL in 1 SYRINGE, PLASTIC",Insulin Aspart Protamine and Insulin Aspart Mix 70/30,REMEDYREPACK INC.,https://api.fda.gov/drug/ndc.json?search=generic_name%3A%22insulin+aspart%22&limit=100
73070-200-11,"Insulin Aspart Protamine and Insulin Aspart Mix 70/30 Insulin Aspart 100 [iU]/mL [Injection, Suspension] – 1 VIAL, GLASS in 1 CARTON (73070-200-11)  / 10 mL in 1 VIAL, GLASS",Insulin Aspart Protamine and Insulin Aspart Mix 70/30,"Novo Nordisk Pharma, Inc.",https://api.fda.gov/drug/ndc.json?search=generic_name%3A%22insulin+aspart%22&limit=100
73070-203-15,"Insulin Aspart Protamine and Insulin Aspart Mix 70/30 Insulin Aspart 100 [iU]/mL [Injection, Suspension] – 5 SYRINGE, PLASTIC in 1 CARTON (73070-203-15)  / 3 mL in 1 SYRINGE, PLASTIC (73070-203-10)",Insulin Aspart Protamine and Insulin Aspart Mix 70/30,"Novo Nordisk Pharma, Inc.",https://api.fda.gov/drug/ndc.json?search=generic_name%3A%22insulin+aspart%22&limit=100
50090-7175-0,"Insulin Degludec Insulin Degludec 200 U/mL [Injection, Solution] – 3 SYRINGE, PLASTIC in 1 CARTON (50090-7175-0)  / 3 mL in 1 SYRINGE, PLASTIC",Insulin Degludec,A-S Medication Solutions,https://api.fda.gov/drug/ndc.json?search=generic_name%3A%22insulin+degludec%22&limit=100
50090-7176-0,"Insulin Degludec Insulin Degludec 100 U/mL [Injection, Solution] – 5 SYRINGE, PLASTIC in 1 CARTON (50090-7176-0)  / 3 mL in 1 SYRINGE, PLASTIC",Insulin Degludec,A-S Medication Solutions,https://api.fda.gov/drug/ndc.json?search=generic_name%3A%22insulin+degludec%22&limit=100
73070-400-11,"Insulin Degludec Insulin Degludec 100 U/mL [Injection, Solution] – 1 VIAL, GLASS in 1 CARTON (73070-400-11)  / 10 mL in 1 VIAL, GLASS",Insulin Degludec,"Novo Nordisk Pharma, Inc.",https://api.fda.gov/drug/ndc.json?search=generic_name%3A%22insulin+degludec%22&limit=100
73070-403-15,"Insulin Degludec Insulin Degludec 100 U/mL [Injection, Solution] – 5 SYRINGE, PLASTIC in 1 CARTON (73070-403-15)  / 3 mL in 1 SYRINGE, PLASTIC",Insulin Degludec,"Novo Nordisk Pharma, Inc.",https://api.fda.gov/drug/ndc.json?search=generic_name%3A%22insulin+degludec%22&limit=100
73070-503-15,"Insulin Degludec Insulin Degludec 200 U/mL [Injection, Solution] – 3 SYRINGE, PLASTIC in 1 CARTON (73070-503-15)  / 3 mL in 1 SYRINGE, PLASTIC",Insulin Degludec,"Novo Nordisk Pharma, Inc.",https://api.fda.gov/drug/ndc.json?search=generic_name%3A%22insulin+degludec%22&limit=100
0169-2001-90,"Insulin Diluting Medium for NovoLog (water injection) Water 1 mL/mL [Injection, Solution] – 1 VIAL, GLASS in 1 CARTON (0169-2001-90)  / 10 mL in 1 VIAL, GLASS",Insulin Diluting Medium for NovoLog,Novo Nordisk,https://api.fda.gov/drug/ndc.json?search=brand_name%3A%22NovoLog%22&limit=100
72572-422-01,"INSULIN GLARGINE (insulin glargine-yfgn) Insulin Glargine 100 [iU]/mL [Injection, Solution] – 1 SYRINGE in 1 CARTON (72572-422-01)  / 3 mL in 1 SYRINGE",INSULIN GLARGINE,"Civica, Inc.",https://api.fda.gov/drug/ndc.json?search=generic_name%3A%22insulin+glargine%22&limit=100
72572-422-05,"INSULIN GLARGINE (insulin glargine-yfgn) Insulin Glargine 100 [iU]/mL [Injection, Solution] – 5 SYRINGE in 1 CARTON (72572-422-05)  / 3 mL in 1 SYRINGE",INSULIN GLARGINE,"Civica, Inc.",https://api.fda.gov/drug/ndc.json?search=generic_name%3A%22insulin+glargine%22&limit=100
72572-424-01,"INSULIN GLARGINE (insulin glargine-yfgn) Insulin Glargine 100 [iU]/mL [Injection, Solution] – 1 SYRINGE in 1 CARTON (72572-424-01)  / 3 mL in 1 SYRINGE",INSULIN GLARGINE,"Civica, Inc.",https://api.fda.gov/drug/ndc.json?search=generic_name%3A%22insulin+glargine%22&limit=100
72572-424-05,"INSULIN GLARGINE (insulin glargine-yfgn) Insulin Glargine 100 [iU]/mL [Injection, Solution] – 5 SYRINGE in 1 CARTON (72572-424-05)  / 3 mL in 1 SYRINGE",INSULIN GLARGINE,"Civica, Inc.",https://api.fda.gov/drug/ndc.json?search=generic_name%3A%22insulin+glargine%22&limit=100
83257-014-11,"Insulin Glargine (insulin Glargine-yfgn) Insulin Glargine 100 [iU]/mL [Injection, Solution] – 1 VIAL, MULTI-DOSE in 1 CARTON (83257-014-11)  / 10 mL in 1 VIAL, MULTI-DOSE",Insulin Glargine,Biocon Biologics Inc.,https://api.fda.gov/drug/ndc.json?search=generic_name%3A%22insulin+glargine%22&limit=100
83257-015-31,"Insulin Glargine (insulin Glargine-yfgn) Insulin Glargine 100 [iU]/mL [Injection, Solution] – 1 SYRINGE in 1 CARTON (83257-015-31)  / 3 mL in 1 SYRINGE",Insulin Glargine,Biocon Biologics Inc.,https://api.fda.gov/drug/ndc.json?search=generic_name%3A%22insulin+glargine%22&limit=100
83257-015-32,"Insulin Glargine (insulin Glargine-yfgn) Insulin Glargine 100 [iU]/mL [Injection, Solution] – 5 SYRINGE in 1 CARTON (83257-015-32)  / 3 mL in 1 SYRINGE",Insulin Glargine,Biocon Biologics Inc.,https://api.fda.gov/drug/ndc.json?search=generic_name%3A%22insulin+glargine%22&limit=100
0955-3900-03,"Insulin glargine U-300 Insulin Glargine 300 [iU]/mL [Injection, Solution] – 3 SYRINGE in 1 CARTON (0955-3900-03)  / 1.5 mL in 1 SYRINGE (0955-3900-01)",Insulin glargine U-300,Sanofi-Aventis U.S. LLC,https://api.fda.gov/drug/ndc.json?search=generic_name%3A%22insulin+glargine%22&limit=100
0955-2900-02,"Insulin glargine U-300 Max Insulin Glargine 300 [iU]/mL [Injection, Solution] – 2 SYRINGE in 1 CARTON (0955-2900-02)  / 3 mL in 1 SYRINGE (0955-2900-01)",Insulin glargine U-300 Max,Sanofi-Aventis U.S. LLC,https://api.fda.gov/drug/ndc.json?search=generic_name%3A%22insulin+glargine%22&limit=100
0002-7737-01,"Insulin Lispro Insulin Lispro 100 [iU]/mL [Injection, Solution] – 1 VIAL in 1 CARTON (0002-7737-01)  / 10 mL in 1 VIAL",Insulin Lispro,Eli Lilly and Company,https://api.fda.gov/drug/ndc.json?search=generic_name%3A%22insulin+lispro%22&limit=100
50090-5391-0,"Insulin Lispro Insulin Lispro 100 [iU]/mL [Injection, Solution] – 1 VIAL in 1 CARTON (50090-5391-0)  / 10 mL in 1 VIAL",Insulin Lispro,A-S Medication Solutions,https://api.fda.gov/drug/ndc.json?search=generic_name%3A%22insulin+lispro%22&limit=100
0002-7752-05,"Insulin Lispro Junior KwikPen Insulin Lispro 100 [iU]/mL [Injection, Solution] – 5 SYRINGE in 1 CARTON (0002-7752-05)  / 3 mL in 1 SYRINGE (0002-7752-01)",Insulin Lispro Junior KwikPen,Eli Lilly and Company,https://api.fda.gov/drug/ndc.json?search=generic_name%3A%22insulin+lispro%22&limit=100
0002-8222-59,"Insulin Lispro KwikPen Insulin Lispro 100 [iU]/mL [Injection, Solution] – 5 SYRINGE in 1 CARTON (0002-8222-59)  / 3 mL in 1 SYRINGE (0002-8222-01)",Insulin Lispro KwikPen,Eli Lilly and Company,https://api.fda.gov/drug/ndc.json?search=generic_name%3A%22insulin+lispro%22&limit=100
0002-8233-05,"Insulin Lispro Protamine and Insulin Lispro Injectable Suspension Mix75/25 KwikPen Insulin Lispro 100 [iU]/mL [Injection, Suspension] – 5 SYRINGE in 1 CARTON (0002-8233-05)  / 3 mL in 1 SYRINGE (0002-8233-01)",Insulin Lispro Protamine and Insulin Lispro Injectable Suspension Mix75/25 KwikPen,Eli Lilly and Company,https://api.fda.gov/drug/ndc.json?search=generic_name%3A%22insulin+lispro%22&limit=100
83257-007-11,"KIRSTY (insulin aspart-xjhz) Insulin Aspart 100 [iU]/mL [Injection, Solution] – 1 VIAL, MULTI-DOSE in 1 CARTON (83257-007-11)  / 10 mL in 1 VIAL, MULTI-DOSE",KIRSTY,Biocon Biologics Inc.,https://api.fda.gov/drug/ndc.json?search=generic_name%3A%22insulin+aspart%22&limit=100
83257-008-32,"KIRSTY (insulin aspart-xjhz) Insulin Aspart 100 [iU]/mL [Injection, Solution] – 5 SYRINGE in 1 CARTON (83257-008-32)  / 3 mL in 1 SYRINGE (83257-008-31)",KIRSTY,Biocon Biologics Inc.,https://api.fda.gov/drug/ndc.json?search=generic_name%3A%22insulin+aspart%22&limit=100
87682-090-05,"LANGLARA (insulin glargine-aldy) Insulin Glargine 100 [iU]/mL [Injection, Solution] – 5 SYRINGE in 1 CARTON (87682-090-05)  / 3 mL in 1 SYRINGE (87682-090-01)",LANGLARA,"Lanexa Biologics, LLC",https://api.fda.gov/drug/ndc.json?search=generic_name%3A%22insulin+glargine%22&limit=100
0088-2220-33,"Lantus (insulin glargine) Insulin Glargine 100 [iU]/mL [Injection, Solution] – 1 VIAL, GLASS in 1 CARTON (0088-2220-33)  / 10 mL in 1 VIAL, GLASS",Lantus,sanofi-aventis U.S. LLC,https://api.fda.gov/drug/ndc.json?search=brand_name%3A%22Lantus%22&limit=100
50090-0876-0,"Lantus (insulin glargine) Insulin Glargine 100 [iU]/mL [Injection, Solution] – 10 mL in 1 VIAL, GLASS (50090-0876-0)",Lantus,A-S Medication Solutions,https://api.fda.gov/drug/ndc.json?search=brand_name%3A%22Lantus%22&limit=100
0088-2219-05,"Lantus Solostar (insulin glargine) Insulin Glargine 100 [iU]/mL [Injection, Solution] – 5 SYRINGE in 1 CARTON (0088-2219-05)  / 3 mL in 1 SYRINGE (0088-2219-01)",Lantus Solostar,sanofi-aventis U.S. LLC,https://api.fda.gov/drug/ndc.json?search=brand_name%3A%22Lantus%22&limit=100
50090-1398-0,"Lantus Solostar (insulin glargine) Insulin Glargine 100 [iU]/mL [Injection, Solution] – 5 SYRINGE in 1 PACKAGE (50090-1398-0)  / 3 mL in 1 SYRINGE",Lantus Solostar,A-S Medication Solutions,https://api.fda.gov/drug/ndc.json?search=brand_name%3A%22Lantus%22&limit=100
50090-4068-0,"LANTUS SOLOSTAR (insulin glargine) Insulin Glargine 100 [iU]/mL [Injection, Solution] – 5 SYRINGE in 1 CARTON (50090-4068-0)  / 3 mL in 1 SYRINGE",LANTUS SOLOSTAR,A-S Medication Solutions,https://api.fda.gov/drug/ndc.json?search=brand_name%3A%22Lantus%22&limit=100
50090-1276-0,"Levemir (insulin detemir) Insulin Detemir 100 [iU]/mL [Injection, Solution] – 1 VIAL, GLASS in 1 CARTON (50090-1276-0)  / 10 mL in 1 VIAL, GLASS",Levemir,A-S Medication Solutions,https://api.fda.gov/drug/ndc.json?search=brand_name%3A%22Levemir%22&limit=100
0002-7726-05,"LYUMJEV (Insulin lispro-aabc) Insulin Lispro 100 [iU]/mL [Injection, Solution] – 5 CARTRIDGE in 1 CARTON (0002-7726-05)  / 3 mL in 1 CARTRIDGE (0002-7726-01)",LYUMJEV,Eli Lilly and Company,https://api.fda.gov/drug/ndc.json?search=generic_name%3A%22insulin+lispro%22&limit=100
0002-7728-01,"LYUMJEV (Insulin lispro-aabc) Insulin Lispro 100 [iU]/mL [Injection, Solution] – 1 VIAL, MULTI-DOSE in 1 CARTON (0002-7728-01)  / 10 mL in 1 VIAL, MULTI-DOSE",LYUMJEV,Eli Lilly and Company,https://api.fda.gov/drug/ndc.json?search=generic_name%3A%22insulin+lispro%22&limit=100
50090-7433-0,"LYUMJEV (Insulin lispro-aabc) Insulin Lispro 100 [iU]/mL [Injection, Solution] – 1 VIAL, MULTI-DOSE in 1 CARTON (50090-7433-0)  / 10 mL in 1 VIAL, MULTI-DOSE",LYUMJEV,A-S Medication Solutions,https://api.fda.gov/drug/ndc.json?search=generic_name%3A%22insulin+lispro%22&limit=100
0002-8351-05,"LYUMJEV Junior KwikPen (Insulin lispro-aabc) Insulin Lispro 100 [iU]/mL [Injection, Solution] – 5 SYRINGE in 1 CARTON (0002-8351-05)  / 3 mL in 1 SYRINGE (0002-8351-01)",LYUMJEV Junior KwikPen,Eli Lilly and Company,https://api.fda.gov/drug/ndc.json?search=generic_name%3A%22insulin+lispro%22&limit=100
0002-8207-05,"LYUMJEV KwikPen (Insulin lispro-aabc) Insulin Lispro 100 [iU]/mL [Injection, Solution] – 5 SYRINGE in 1 CARTON (0002-8207-05)  / 3 mL in 1 SYRINGE (0002-8207-01)",LYUMJEV KwikPen,Eli Lilly and Company,https://api.fda.gov/drug/ndc.json?search=generic_name%3A%22insulin+lispro%22&limit=100
0002-8228-27,"LYUMJEV KwikPen (Insulin lispro-aabc) Insulin Lispro 200 [iU]/mL [Injection, Solution] – 2 SYRINGE in 1 CARTON (0002-8228-27)  / 3 mL in 1 SYRINGE (0002-8228-01)",LYUMJEV KwikPen,Eli Lilly and Company,https://api.fda.gov/drug/ndc.json?search=generic_name%3A%22insulin+lispro%22&limit=100
0002-8235-05,"LYUMJEV Tempo Pen (Insulin lispro-aabc) Insulin Lispro 100 [iU]/mL [Injection, Solution] – 5 SYRINGE in 1 CARTON (0002-8235-05)  / 3 mL in 1 SYRINGE (0002-8235-01)",LYUMJEV Tempo Pen,Eli Lilly and Company,https://api.fda.gov/drug/ndc.json?search=generic_name%3A%22insulin+lispro%22&limit=100
0024-5927-00,"MERILOG (insulin aspart-szjj) Insulin Aspart 100 [iU]/mL [Injection, Solution] – 1 VIAL, GLASS in 1 CARTON (0024-5927-00)  / 10 mL in 1 VIAL, GLASS",MERILOG,Sanofi-Aventis U.S. LLC,https://api.fda.gov/drug/ndc.json?search=generic_name%3A%22insulin+aspart%22&limit=100
0024-5928-05,"MERILOG (insulin aspart-szjj) Insulin Aspart 100 [iU]/mL [Injection, Solution] – 5 SYRINGE in 1 BOX (0024-5928-05)  / 3 mL in 1 SYRINGE (0024-5928-00)",MERILOG,Sanofi-Aventis U.S. LLC,https://api.fda.gov/drug/ndc.json?search=generic_name%3A%22insulin+aspart%22&limit=100
0169-2100-11,"NOVOLOG (insulin aspart) Insulin Aspart 100 [iU]/mL [Injection, Solution] – 1 VIAL, GLASS in 1 CARTON (0169-2100-11)  / 10 mL in 1 VIAL, GLASS",NOVOLOG,Novo Nordisk,https://api.fda.gov/drug/ndc.json?search=brand_name%3A%22NovoLog%22&limit=100
0169-2101-25,"NOVOLOG (insulin aspart) Insulin Aspart 100 [iU]/mL [Injection, Solution] – 5 SYRINGE, PLASTIC in 1 CARTON (0169-2101-25)  / 3 mL in 1 SYRINGE, PLASTIC (0169-2101-12)",NOVOLOG,Novo Nordisk,https://api.fda.gov/drug/ndc.json?search=brand_name%3A%22NovoLog%22&limit=100
0169-3303-12,"NOVOLOG (insulin aspart) Insulin Aspart 100 [iU]/mL [Injection, Solution] – 5 CARTRIDGE in 1 CARTON (0169-3303-12)  / 3 mL in 1 CARTRIDGE",NOVOLOG,Novo Nordisk,https://api.fda.gov/drug/ndc.json?search=brand_name%3A%22NovoLog%22&limit=100
0169-6339-10,"NOVOLOG (insulin aspart) Insulin Aspart 100 [iU]/mL [Injection, Solution] – 5 SYRINGE, PLASTIC in 1 CARTON (0169-6339-10)  / 3 mL in 1 SYRINGE, PLASTIC",NOVOLOG,Novo Nordisk,https://api.fda.gov/drug/ndc.json?search=brand_name%3A%22NovoLog%22&limit=100
0169-7501-11,"NOVOLOG (insulin aspart) Insulin Aspart 100 [iU]/mL [Injection, Solution] – 1 VIAL, GLASS in 1 CARTON (0169-7501-11)  / 10 mL in 1 VIAL, GLASS",NOVOLOG,Novo Nordisk,https://api.fda.gov/drug/ndc.json?search=brand_name%3A%22NovoLog%22&limit=100
50090-1664-0,"NOVOLOG (insulin aspart) Insulin Aspart 100 [iU]/mL [Injection, Solution] – 1 VIAL, GLASS in 1 CARTON (50090-1664-0)  / 10 mL in 1 VIAL, GLASS",NOVOLOG,A-S Medication Solutions,https://api.fda.gov/drug/ndc.json?search=brand_name%3A%22NovoLog%22&limit=100
50090-1678-0,"NOVOLOG (insulin aspart) Insulin Aspart 100 [iU]/mL [Injection, Solution] – 5 SYRINGE, PLASTIC in 1 CARTON (50090-1678-0)  / 3 mL in 1 SYRINGE, PLASTIC",NOVOLOG,A-S Medication Solutions,https://api.fda.gov/drug/ndc.json?search=brand_name%3A%22NovoLog%22&limit=100
50090-4500-0,"NOVOLOG (insulin aspart) Insulin Aspart 100 [iU]/mL [Injection, Solution] – 5 SYRINGE, PLASTIC in 1 CARTON (50090-4500-0)  / 3 mL in 1 SYRINGE, PLASTIC",NOVOLOG,A-S Medication Solutions,https://api.fda.gov/drug/ndc.json?search=brand_name%3A%22NovoLog%22&limit=100
0169-2200-11,"NovoLog Mix 70/30 (insulin aspart) Insulin Aspart 100 [iU]/mL [Injection, Suspension] – 1 VIAL, GLASS in 1 CARTON (0169-2200-11)  / 10 mL in 1 VIAL, GLASS",NovoLog Mix 70/30,Novo Nordisk,https://api.fda.gov/drug/ndc.json?search=brand_name%3A%22NovoLog%22&limit=100
0169-2201-25,"NovoLog Mix 70/30 (insulin aspart) Insulin Aspart 100 [iU]/mL [Injection, Suspension] – 5 SYRINGE, PLASTIC in 1 CARTON (0169-2201-25)  / 3 mL in 1 SYRINGE, PLASTIC",NovoLog Mix 70/30,Novo Nordisk,https://api.fda.gov/drug/ndc.json?search=brand_name%3A%22NovoLog%22&limit=100
0169-3685-12,"NovoLog Mix 70/30 (insulin aspart) Insulin Aspart 100 [iU]/mL [Injection, Suspension] – 1 VIAL, GLASS in 1 CARTON (0169-3685-12)  / 10 mL in 1 VIAL, GLASS",NovoLog Mix 70/30,Novo Nordisk,https://api.fda.gov/drug/ndc.json?search=brand_name%3A%22NovoLog%22&limit=100
0169-3696-19,"NovoLog Mix 70/30 (insulin aspart) Insulin Aspart 100 [iU]/mL [Injection, Suspension] – 5 SYRINGE, PLASTIC in 1 CARTON (0169-3696-19)  / 3 mL in 1 SYRINGE, PLASTIC",NovoLog Mix 70/30,Novo Nordisk,https://api.fda.gov/drug/ndc.json?search=brand_name%3A%22NovoLog%22&limit=100
50090-2272-0,"NovoLog Mix 70/30 (insulin aspart) Insulin Aspart 100 [iU]/mL [Injection, Suspension] – 5 SYRINGE, PLASTIC in 1 CARTON (50090-2272-0)  / 3 mL in 1 SYRINGE, PLASTIC",NovoLog Mix 70/30,A-S Medication Solutions,https://api.fda.gov/drug/ndc.json?search=brand_name%3A%22NovoLog%22&limit=100
70518-2119-0,"NovoLog Mix 70/30 (insulin aspart) Insulin Aspart 100 [iU]/mL [Injection, Suspension] – 5 SYRINGE, PLASTIC in 1 CARTON (70518-2119-0)  / 3 mL in 1 SYRINGE, PLASTIC",NovoLog Mix 70/30,REMEDYREPACK INC.,https://api.fda.gov/drug/ndc.json?search=brand_name%3A%22NovoLog%22&limit=100
0002-8980-05,"Rezvoglar KwikPen (Insulin glargine-aglr) Insulin Glargine 100 [iU]/mL [Injection, Solution] – 5 SYRINGE in 1 CARTON (0002-8980-05)  / 3 mL in 1 SYRINGE (0002-8980-01)",Rezvoglar KwikPen,Eli Lilly and Company,https://api.fda.gov/drug/ndc.json?search=generic_name%3A%22insulin+glargine%22&limit=100
50090-6439-0,"REZVOGLAR KWIKPEN (Insulin glargine-aglr) Insulin Glargine 100 [iU]/mL [Injection, Solution] – 5 SYRINGE in 1 CARTON (50090-6439-0)  / 3 mL in 1 SYRINGE",REZVOGLAR KWIKPEN,A-S Medication Solutions,https://api.fda.gov/drug/ndc.json?search=generic_name%3A%22insulin+glargine%22&limit=100
83257-011-11,"SEMGLEE (insulin glargine-yfgn) Insulin Glargine 100 [iU]/mL [Injection, Solution] – 1 VIAL, MULTI-DOSE in 1 CARTON (83257-011-11)  / 10 mL in 1 VIAL, MULTI-DOSE",SEMGLEE,Biocon Biologics Inc.,https://api.fda.gov/drug/ndc.json?search=generic_name%3A%22insulin+glargine%22&limit=100
83257-012-31,"SEMGLEE (insulin glargine-yfgn) Insulin Glargine 100 [iU]/mL [Injection, Solution] – 1 SYRINGE in 1 CARTON (83257-012-31)  / 3 mL in 1 SYRINGE",SEMGLEE,Biocon Biologics Inc.,https://api.fda.gov/drug/ndc.json?search=generic_name%3A%22insulin+glargine%22&limit=100
83257-012-33,"SEMGLEE (insulin glargine-yfgn) Insulin Glargine 100 [iU]/mL [Injection, Solution] – 5 SYRINGE in 1 CARTON (83257-012-33)  / 3 mL in 1 SYRINGE",SEMGLEE,Biocon Biologics Inc.,https://api.fda.gov/drug/ndc.json?search=generic_name%3A%22insulin+glargine%22&limit=100
0024-5761-01,"Soliqua 100/33 (insulin glargine and lixisenatide) Insulin Glargine 100 U/mL, Lixisenatide 33 ug/mL [Injection, Solution] – 1 SYRINGE in 1 CARTON (0024-5761-01)  / 3 mL in 1 SYRINGE",Soliqua 100/33,Sanofi-Aventis U.S. LLC,https://api.fda.gov/drug/ndc.json?search=generic_name%3A%22insulin+glargine%22&limit=100
0024-5761-05,"Soliqua 100/33 (insulin glargine and lixisenatide) Insulin Glargine 100 U/mL, Lixisenatide 33 ug/mL [Injection, Solution] – 5 SYRINGE in 1 CARTON (0024-5761-05)  / 3 mL in 1 SYRINGE (0024-5761-02)",Soliqua 100/33,Sanofi-Aventis U.S. LLC,https://api.fda.gov/drug/ndc.json?search=generic_name%3A%22insulin+glargine%22&limit=100
0024-5869-03,"TOUJEO (insulin glargine) Insulin Glargine 300 U/mL [Injection, Solution] – 3 SYRINGE in 1 CARTON (0024-5869-03)  / 1.5 mL in 1 SYRINGE (0024-5869-01)",TOUJEO,Sanofi-Aventis U.S. LLC,https://api.fda.gov/drug/ndc.json?search=brand_name%3A%22Toujeo%22&limit=100
50090-2193-0,"TOUJEO (insulin glargine) Insulin Glargine 300 U/mL [Injection, Solution] – 3 SYRINGE in 1 CARTON (50090-2193-0)  / 1.5 mL in 1 SYRINGE",TOUJEO,A-S Medication Solutions,https://api.fda.gov/drug/ndc.json?search=brand_name%3A%22Toujeo%22&limit=100
0024-5871-02,"TOUJEO Max (insulin glargine) Insulin Glargine 300 U/mL [Injection, Solution] – 2 SYRINGE in 1 CARTON (0024-5871-02)  / 3 mL in 1 SYRINGE (0024-5871-00)",TOUJEO Max,Sanofi-Aventis U.S. LLC,https://api.fda.gov/drug/ndc.json?search=brand_name%3A%22Toujeo%22&limit=100
50090-4177-0,"TOUJEO Max (insulin glargine) Insulin Glargine 300 U/mL [Injection, Solution] – 2 SYRINGE in 1 CARTON (50090-4177-0)  / 3 mL in 1 SYRINGE",TOUJEO Max,A-S Medication Solutions,https://api.fda.gov/drug/ndc.json?search=brand_name%3A%22Toujeo%22&limit=100
0169-2550-13,"Tresiba (insulin degludec) Insulin Degludec 200 U/mL [Injection, Solution] – 3 SYRINGE, PLASTIC in 1 CARTON (0169-2550-13)  / 3 mL in 1 SYRINGE, PLASTIC",Tresiba,Novo Nordisk,https://api.fda.gov/drug/ndc.json?search=brand_name%3A%22Tresiba%22&limit=100
0169-2550-97,"Tresiba (insulin degludec) Insulin Degludec 200 U/mL [Injection, Solution] – 1 SYRINGE, PLASTIC in 1 CARTON (0169-2550-97)  / 3 mL in 1 SYRINGE, PLASTIC (0169-2550-90)",Tresiba,Novo Nordisk,https://api.fda.gov/drug/ndc.json?search=brand_name%3A%22Tresiba%22&limit=100
0169-2660-15,"Tresiba (insulin degludec) Insulin Degludec 100 U/mL [Injection, Solution] – 5 SYRINGE, PLASTIC in 1 CARTON (0169-2660-15)  / 3 mL in 1 SYRINGE, PLASTIC",Tresiba,Novo Nordisk,https://api.fda.gov/drug/ndc.json?search=brand_name%3A%22Tresiba%22&limit=100
0169-2660-97,"Tresiba (insulin degludec) Insulin Degludec 100 U/mL [Injection, Solution] – 1 SYRINGE, PLASTIC in 1 CARTON (0169-2660-97)  / 3 mL in 1 SYRINGE, PLASTIC (0169-2660-90)",Tresiba,Novo Nordisk,https://api.fda.gov/drug/ndc.json?search=brand_name%3A%22Tresiba%22&limit=100
0169-2662-11,"Tresiba (insulin degludec) Insulin Degludec 100 U/mL [Injection, Solution] – 1 VIAL, GLASS in 1 CARTON (0169-2662-11)  / 10 mL in 1 VIAL, GLASS",Tresiba,Novo Nordisk,https://api.fda.gov/drug/ndc.json?search=brand_name%3A%22Tresiba%22&limit=100
0169-2662-90,"Tresiba (insulin degludec) Insulin Degludec 100 U/mL [Injection, Solution] – 1 VIAL, GLASS in 1 CARTON (0169-2662-90)  / 10 mL in 1 VIAL, GLASS",Tresiba,Novo Nordisk,https://api.fda.gov/drug/ndc.json?search=brand_name%3A%22Tresiba%22&limit=100
50090-3491-0,"Tresiba (insulin degludec) Insulin Degludec 200 U/mL [Injection, Solution] – 3 SYRINGE, PLASTIC in 1 CARTON (50090-3491-0)  / 3 mL in 1 SYRINGE, PLASTIC",Tresiba,A-S Medication Solutions,https://api.fda.gov/drug/ndc.json?search=brand_name%3A%22Tresiba%22&limit=100
50090-7094-0,"TRESIBA (insulin degludec) Insulin Degludec 200 U/mL [Injection, Solution] – 3 SYRINGE, PLASTIC in 1 CARTON (50090-7094-0)  / 3 mL in 1 SYRINGE, PLASTIC",TRESIBA,A-S Medication Solutions,https://api.fda.gov/drug/ndc.json?search=brand_name%3A%22Tresiba%22&limit=100
0169-2911-15,"Xultophy 100/3.6 (insulin degludec and liraglutide) Insulin Degludec 100 [iU]/mL, Liraglutide 3.6 mg/mL [Injection, Solution] – 5 SYRINGE, PLASTIC in 1 CARTON (0169-2911-15)  / 3 mL in 1 SYRINGE, PLASTIC",Xultophy 100/3.6,Novo Nordisk,https://api.fda.gov/drug/ndc.json?search=generic_name%3A%22insulin+degludec%22&limit=100
